Workbook

Sheet Dashboard
C1: پروژه احداث خط لوله ۱۶ اینچ انتقال فرآورده رفسنجان-یزد و توسعه مراکز انتقال نفت رفسنجان و یزد به روش EPC
C2: داشبورد مدیریتی متریال کل پروژه بر اساس پیمان
A4: جدول خلاصه برآورد تفکیکی بر اساس سرفصل‌های تخصصی پروژه (EPC Summary Table by Discipline)
A6: ردیف | B6: سرفصل پروژه (Project Discipline) | C6: مبلغ ریالی (Rial Part) | D6: مبلغ ارزی (Euro Part) | E6: شیت مرجع تفصیلی (Detailed Sheet Link)
A7: 1 | B7: لوله‌کشی و شیرآلات (Piping & Valves) | C7: =0 -> 0 | D7: ='Piping & Valves'!K29+'Piping & Valves'!K71 -> 1542923.9 | E7: برو به شیت Piping & Valves →
A8: 2 | B8: تجهیزات مکانیکال (Mechanical Equipment) | C8: =Mechanical!J17+Mechanical!J42+Mechanical!J62 -> 126780000000 | D8: =Mechanical!K17+Mechanical!K42+Mechanical!K62 -> 2337532.6 | E8: برو به شیت Mechanical →
A9: 3 | B9: تجهیزات برقی (Electrical Equipment) | C9: =Electrical!J23+Electrical!J46+Electrical!J56 -> 812237187000 | D9: =Electrical!K23+Electrical!K46+Electrical!K56 -> 1901290 | E9: برو به شیت Electrical →
A10: 4 | B10: ابزار دقیق و مخابرات (Instrumentation & Telecom) | C10: =Instrumentation!J47+Instrumentation!J107+Instrumentation!J117 -> 26740000000 | D10: =Instrumentation!K47+Instrumentation!K107+Instrumentation!K117 -> 4776150 | E10: برو به شیت Instrumentation →
A11: 5 | B11: حفاظت کاتدیک (Cathodic Protection) | C11: ='Cathodic Protection'!J14+'Cathodic Protection'!J27+'Cathodic Protection'!J40 -> 29742500000 | D11: ='Cathodic Protection'!K14+'Cathodic Protection'!K27+'Cathodic Protection'!K40 -> 0 | E11: برو به شیت Cathodic Protection →
A12: 6 | B12: ایمنی و آتش‌نشانی (Safety & Fire Fighting) | C12: =0 -> 0 | D12: ='Safety & Fire Fighting'!J15+'Safety & Fire Fighting'!J31 -> 143650 | E12: برو به شیت Safety & Fire Fighting →
A13: 7 | B13: لوازم یدکی دو ساله بهره‌برداری (Spare Parts) | C13: ='Spare Parts'!I11 -> 313000 | D13: ='Spare Parts'!J11 -> 313000 | E13: برو به شیت Spare Parts →
A14: 8 | B14: آموزش کارکنان کارفرما و بهره بردار | C14: 4500000000 | D14: 0
A15: جمع کل ارزش پروژه (Grand Total) | C15: =SUM(C7:C14) -> 1000000000000 | D15: =SUM(D7:D14) -> 11014546
A16: جدول شماره ۲: تفکیک برآورد کل پروژه بر اساس (سند اصلی)
A17: ردیف | B17: موقعیت و بخش پروژه (Location / Section) | C17: مبلغ ریالی سند اصلی (Rials) | D17: مبلغ ارزی سند اصلی (Euros) | E17: توضیحات تراز و مغایرت محاسباتی
A18: 1 | B18: هزینه تهیه و تأمین کالا در تلمبه‌خانه رفسنجان (جدول ۱-۲) | C18: 492010187000 | D18: 4355480 | E18: تطابق کامل با ریز متره دیسیپلین‌ها (با احتساب ۱,۳۱۰ یورو اختلاف ابزار دقیق) آیتم 3 درپیمان تعداد 2 عدد می بایست محاسبه می شده است اما یک عدد محاسبه شده
A19: 2 | B19: هزینه تهیه و تأمین کالا در تلمبه‌خانه یزد (جدول ۲-۲) | C19: 277249500000 | D19: 5782446 | E19: تطابق کامل با ریز متره دیسیپلین‌ها
A20: 3 | B20: هزینه تهیه و تأمین کالا خط لوله ۱۶ اینچ رفسنجان-یزد (جدول ۳-۲) | C20: 226240000000 | D20: 563620 | E20: تطابق کامل با ریز متره دیسیپلین‌ها
A21: 4 | B21: تأمین لوازم یدکی و مواد مصرفی پیش راه‌اندازی و دو ساله (جدول ۴-۲) | C21: 313000 | D21: 313000 | E21: دو عدد هم در ریالی قرار گرفته هم در یورویی
B22: آموزش کارکنان کارفرما و بهره بردار | C22: 4500000000 | D22: 0
A23: جمع محاسباتی سند اصلی (Calculated Sum with Typos) | C23: =SUM(C18:C22) -> 1000000000000 | D23: =SUM(D18:D21) -> 11014546

Sheet توضیحات1
B4: خلاصه متریال ( به فارسی - انگلیسی)

Sheet Master Merged View (خلاصه کل)
A1: جدول جامع و فوق‌فشرده برآورد متریال کل پروژه به تفکیک سرفصل‌های تخصصی
A2: پروژه احداث خط لوله ۱۶ اینچ انتقال فرآورده رفسنجان-یزد و توسعه مراکز انتقال نفت رفسنجان و یزد به روش EPC
A3: ردیف | B3: سرفصل پروژه (Discipline) | C3: اقلام تفصیلی، ابعاد و مشخصات فنی ادغام‌یافته | D3: تعداد / متراژ کل پروژه | E3: شرح بسیار خلاصه سرفصل | F3: شیت مرجع
A4: 1 | B4: لوله‌کشی و شیرآلات (Piping & Valves) | C4: • Pipe (لوله): سایزهای "8, "12, "14, "16, "18, "28 (متراژ کل: ۵,۲۶۰ متر) • Gate Valve (شیر دروازه‌ای): سایزهای "6, "12, "14, "16 (تعداد کل: ۲۳ عدد) • Check Valve (شیر خودکار): سایزهای "6, "12, "14, "18, "28 (تعداد کل: ۴۱ عدد) • Ball Valve (شیر توپی): سایزهای "6, "8, "12, "14, "18, "28 (تعداد کل: ۳۰ عدد) • Chock Valve (شیر چوک): سایز "8 (تعداد کل: ۴ عدد) • Globe Valve (شیر کروی): سایز "14 (تعداد کل: ۱ عدد) • Expansion Joint (لرزه‌گیر آکاردئونی): سایزهای "14, "18, "28 (تعداد کل: ۶ عدد) • (تعداد کل: ۲ ست) Bulk Equipment (اتصالات فله): سایز Bulk | D4: ۵,۲۶۰ متر لوله ۱۰۵ عدد انواع شیرآلات ۲ ست تجهیزات فله | E4: لوله‌ها و اتصالات فولادی فشار قوی خطوط فرآورده و شیرآلات صنعتی تا کلاس کاری ۱۵۰۰. | F4: Piping & Valves
A5: 2 | B5: تجهیزات مکانیکال (Mechanical Equipment) | C5: • MAIN PUMP (پمپ‌های اصلی): برقی (MP-451/452/453) و دیزلی (MP-554) (تعداد کل: ۷ عدد) • BOOSTER PUMP (بوستر پمپ‌ها و پمپ‌های فرعی): بوستر پمپ‌های BP-451 و BP-551، پمپ‌های تزریق مجدد P-551 و پمپ‌های تخلیه (تعداد کل: ۱۲ عدد) • Pig Trap (تله‌های ارسال/دریافت پیگ): سایز "16x"20 کلاس ۹۰۰# گرید X60 (تعداد کل: ۲ ست کامل) • Corrosion Inhibitor Package (پکیج تزریق ضدخوردگی): مدل‌های PK-451 و PK-551 (تعداد کل: ۲ ست) • Cranes (جرثقیل‌ها): جرثقیل سقفی ۱۵ تن، کارگاهی ۵ تن و بازویی ۱ تن با متعلقات کامل (تعداد کل: ۹ عدد) • Tanks (مخازن فرآیندی/سوخت): ظرفیت‌های ۲۰ و ۳۰ مترمکعب دفنی تحت فشار (تعداد کل: ۳ دستگاه) • Main Strainer (صافی‌های اصلی): کلاس‌های کاری ۶۰۰# و ۹۰۰# تلمبه‌خانه‌ها (تعداد کل: ۸ عدد) • Hot Bend (خم‌های گرم خط لوله): سایز "16 زاویه ۴۵ درجه با شعاع 7D گرید X60 (تعداد کل: ۱۲ عدد) • Pipeline Valves (شیرآلات خط لوله): شیرآلات بین‌راهی "16 کلاس ۹۰۰# (شامل LBV با پنل خورشیدی، Block، Check) (تعداد کل: ۹ عدد) • Anchor & Insulating Flange (اتصالات مهار و عایقی): سایز "16 کلاس ۹۰۰# گرید F60 (تعداد کل: ۴ عدد) • Power Pack Unit & Casing (پاورپک و غلاف کیسینگ): پاورپک بنزینی هیدرولیک و لوله کیسینگ "20 عبوری راه آهن (تعداد کل: ۲ ست پاورپک، ۶۰۰ متر کیسینگ) • Field Joint Coating (پوشش سرجوش): سیستم دو لایه FBE سرجوش‌ها و پوشش‌های مایع اپوکسی (تعداد کل: ۲۰,۰۰۰ عدد پوشش) | D5: ۵۸ عدد انواع پمپ و تجهیزات اصلی ۲۰,۰۰۰ عدد پوشش سرجوش FBE ۲ ست تجهیزات مکانیکی فله | E5: پمپ‌های پرقدرت انتقال فرآورده و بوستری، تله‌های پیگ‌رانی، خم‌های خط لوله و شیرآلات کنترلی بین‌راهی. | F5: Mechanical
A7: 3 | B7: تجهیزات برقی (Electrical Equipment) | C7: • Medium Voltage Cable (کابل‌های فشار متوسط): سایزهای 1x240 و 3x185 رده ۱۲/۲۰kV سربی زره‌دار سربی (Lead Cover / SWA) (متراژ کل: ۱۲,۳۶۰ متر) • Low Voltage Cable (کابل‌های فشار ضعیف): هادی‌های مسی زره‌دار 3x240+120 و 3x120+70 و 3x95 و 1x120 و 1x95 (متراژ کل: ۳,۲۷۰ متر) • MV/LV Switchgears (تابلوهای برق): رده‌های ۶kV و ۲۰kV مجهز به بریکر خلاء (VCB) و تابلوهای LV رده ۰.۴kV (ظرفیت ۵۰kA) (تعداد کل: ۸ ست) • Power Transformers (ترانس‌های قدرت): ظرفیت پرقدرت ۱۲۵۰۰kVA رده ۲۰/۶.۳kV و توزیع ۳۰۰kVA و ۵۰kVA کنسرواتوری (تعداد کل: ۹ دستگاه) • UPS & Battery Chargers (یو‌پی‌اس و شارژر): سیستم‌های دوگانه ۲۳۰VAC ظرفیت ۲۰kVA و ۱۱۰VDC توان ۵kW با بانک‌های باتری ۱۰۰% (تعداد کل: ۴ ست) • AAAC Conductor Wire (سیم هادی توزیع هوایی): خط توزیع ۲۰ کیلوولت آلومینیومی روکش‌دار ایستگاه‌ها (متراژ کل: ۲۰ کیلومتر) • Diesel Emergency Generator (دیزل ژنراتور اضطراری): ظرفیت ۳۰۰kVA خروجی ۴۰۰V برای تلمبه‌خانه یزد مجهز به ATS (تعداد کل: ۱ دستگاه) • Bulk Electrical (ملزومات فله برقی): سیستم‌های روشنایی، اتصالات ارت، کابل‌کشی عمومی و ملزومات برق ایستگاه‌های کاتدیک (تعداد کل: ۳ ست) | D7: ۱۵,۶۳۰ متر کابل‌کشی مسی زره‌دار ۲۰ کیلومتر خط انتقال هوایی برق ۲۲ ست انواع تابلو، ترانسفورمر و سیستم برق اضطراری | E7: کابل‌های مسی زره‌دار سربی فشار متوسط و ضعیف، پست‌های برق با تابلوهای خلاء، ترانسفورماتورهای فوق پرقدرت و برق اضطراری. | F7: Electrical
A8: 4 | B8: ابزار دقیق و مخابرات (Instrumentation & Telecom) | C8: • F&G / Control Systems (اعلان حریق و کنترل): سیستم اعلان حریق تحت پردازنده و سیستم کنترل کانسول‌های ESD و PCS تحت شبکه PLC با ریداندانت دوگانه (تعداد کل: ۴ ست) • Motor Actuated Valves (ولوهای موتوردار): سایزهای "4 تا "28 کلاس‌های ۱۵۰ الی ۱۵۰۰ مجهز به اکچویتور برقی ۴۰۰VAC (MOV) (تعداد کل: ۵۴ عدد) • Ultrasonic Flow Meters (فلومترهای اولتراسونیک): سایز "16 رده‌های ۶۰۰# و ۹۰۰# مجهز به مسیرهای اندازه‌گیری چندکاناله (تعداد کل: ۸ ست) • Transmitters & Instruments (حسگرها و فرستنده‌ها): سنجش فشار، دما، سطح و دانسیته مجهز به مانیفولدهای ۶۰۰۰# و آلیاژ ضدخوردگی Monel (تعداد کل: ۱۶۷ عدد) • Relief & Control Valves (شیرهای ایمنی و کنترل جریان): شیر کنترل دبی "12 کلاس ۱۵۰۰ رینگ‌جوینت و شیرهای اطمینان حرارتی و فشاری (تعداد کل: ۵۷ عدد) • Telecom Systems (مخابرات و تلفن): سیستم تلفن تحت شبکه IP، سیستم پیجینگ صنعتی مجراها و دوربین‌های مداربسته امنیتی CCTV (تعداد کل: ۱۲ ست) • Fiber Optic Cable (خط فیبر نوری خط لوله): کابل سینگل‌مود زره‌دار فولادی مسلح ۱۶ هسته‌ای مسیر انتقال به همراه کلوزرباکس‌ها (متراژ کل: ۴,۰۰۰ متر) • Tank Gauging System (TGS): ترانسمیترهای راداری سطح، فرستنده چند نقطه‌ای دما و نمایشگر محلی (تعداد کل: ۳ ست) • Bulk I&C (ملزومات فله ابزار دقیق): ملزومات کابل‌کشی ابزار دقیق، تیوبینگ‌های اتصال و متعلقات کارهای عمومی (تعداد کل: ۳ ست) | D8: ۴,۰۰۰ متر کابل فیبر نوری زره‌دار ۲۴۰ عدد انواع شیر موتوردار و فلومتر اولتراسونیک ۱۹۸ عدد انواع ترانسمیتر دقیق و سیستم‌های مخابراتی | E8: سامانه‌های مانیتورینگ دقیق فرآیند، شیرآلات کنترل موتوردار پرسرعت، حسگرهای Eexd، شبکه فیبر نوری مجهز به مانیتورینگ دوربین و پیجینگ. | F8: Instrumentation
A9: 5 | B9: حفاظت کاتدیک (Cathodic Protection) | C9: • Transformer Rectifiers (رکتیفایرهای کاتدیک): رده‌های هوشمند خودکار ۵۰V/۲۵A و ۵۰V/۵۰A روغنی فضای باز با پایه بتنی (تعداد کل: ۵ دستگاه) • Anodes (آندهای حفاظت کاتدی): آندهای سیمی MMO، آند چدن پرسیلیس HSCI رده "3x"60، آند منیزیم ۳۲ پوندی و آند روی موقت ۱۰ پوندی (تعداد کل: ۸۲۰ عدد) • Coke Breeze Backfill (پشت‌بند کک نفتی): کک نفتی کربن بالای ۹۰% نوع ۲ دانه ریز مطابق استاندارد IPS-M-TP-750 (وزن کل: ۱۳,۵۰۰ کیلوگرم) • Zinc Earthing Cell (سلول‌های ارت زمین): مشخصات ابعادی 36x36x1520mm به همراه ۱۰ متر کابل مسی XLPE (تعداد کل: ۲ عدد) • Bulk CP (ملزومات فله کاتدیک): کابل‌های اتصالی مسی، تست باکس‌ها، اتصالات باندینگ خط لوله و جعبه‌های توزیع جریان (تعداد کل: ۳ ست) | D9: ۵ دستگاه ترانسفورمر رکتیفایر هوشمند ۸۲۲ عدد انواع آند MMO، چدنی، منیزیم و روی و سلول ارت ۱۳.۵ تن مواد پشت‌بند کک نفتی کربن بالا | E9: تجهیزات حفاظت اکتیو و غیرفعال خط در برابر خوردگی خاک شامل ترانس‌های رکتیفایر هوشمند، بستر آندهای عمیق چدن و منیزیم. | F9: Cathodic Protection
A10: 6 | B10: ایمنی و آتشنشانی (Safety & Fire Fighting) | C10: • Water Hydrants (هیدرانت‌ها و مانیتورها): پکیج هیدرانت‌های مجهز به ورودی شیر کنترل، محافظ بدنه و مانیتورهای آتش‌نشانی ثابت سالن‌ها (تعداد کل: ۱۲ ست) • Fire Extinguishers (کپسول‌های حریق): کپسول‌های پودر خشک دستی ۱۲ کیلوگرمی و چرخ‌دار ۷۵ کیلوگرمی به همراه کپسول‌های گازی CO2 رده ۶kg و ۳۰kg (تعداد کل: ۳۸ عدد) • Total Flooding Systems (سیستم اطفای گازی): پکیج اطفای اتوماتیک سیلابی گاز بی‌اثر (Inert Gas) مجهز به لوله‌کشی و سیلندرهای تحت فشار (تعداد کل: ۲ ست) • Bulk Safety (ملزومات فله ایمنی): جعبه‌های شلنگ آب آتش‌نشانی، تجهیزات ایمنی فردی، سیستم‌های دستی اضطراری سالن پمپ‌ها (تعداد کل: ۲ ست) | D10: ۱۲ ست هیدرانت و مانیتور آتش صنعتی ۳۸ کپسول اطفاء پرتابل پودری و CO2 ۴ ست پکیج سیلابی گازی و متعلقات فله ایمنی | E10: رینگ هیدرانت‌ها و مانیتورهای توزیع آب آتش‌نشانی ایستگاه‌ها، تجهیزات اطفای سیلابی گازی فضاهای حساس الکترونیکی و کپسول‌های پرتابل. | F10: Safety & Fire Fighting
A11: 7 | B11: لوازم یدکی دو ساله بهرهبرداری (Spare Parts) | C11: • Rafsanjan Spares (یدکی‌های ایستگاه رفسنجان): قطعات یدکی پمپ‌ها، تجهیزات ابزار دقیق و برقی مصرفی پیش‌راه‌اندازی ایستگاه (تعداد کل: ۱ پکیج) • Yazd Spares (یدکی‌های ایستگاه یزد): لوازم یدکی قطعات گردان مکانیکی و ابزار دقیق دو ساله بهره‌برداری مداوم (تعداد کل: ۱ پکیج) • Pipeline Spares (یدکی‌های خط لوله): لوازم یدکی شیرآلات پرسرعت بین‌راهی خط لوله، اکچویتورهای هیدرولیک و اتصالات مسیر انتقال (تعداد کل: ۱ پکیج) | D11: ۳ پکیج جامع مقطوع (شامل قطعات یدکی رفسنجان، یزد و خط لوله ۱۶ اینچ) | E11: قطعات مصرفی دوره پیش‌راه‌اندازی و قطعات یدکی مکانیکی، برقی و ابزار دقیق با کارکرد دو ساله کل تاسیسات پروژه. | F11: Spare Parts

Sheet Master Merged View (English)
A1: Comprehensive & Consolidated Project Materials Estimate by Special Disciplines
A2: EPC Project for Constructing 16" Rafsanjan-Yazd Product Pipeline & Developing Rafsanjan and Yazd Pump Stations
A3: Item | B3: Project Discipline | C3: Detailed Consolidated Items & Technical Specs (English ONLY) | D3: Project Total Quantity | E3: Brief Scope Description | F3: Reference Sheet
A4: 1 | B4: Piping & Valves | C4: • Pipe: Sizes 8", 12", 14", 16", 18", 28" (Total Qty: 5,260 M) • Gate Valve: Sizes 6", 12", 14", 16" (Total Qty: 23 NO) • Check Valve: Sizes 6", 12", 14", 18", 28" (Total Qty: 41 NO) • Ball Valve: Sizes 6", 8", 12", 14", 18", 28" (Total Qty: 30 NO) • Chock Valve: Size 8" (Total Qty: 4 NO) • Globe Valve: Size 14" (Total Qty: 1 NO) • Expansion Joint: Sizes 14", 18", 28" (Total Qty: 6 NO) • Bulk Piping: General accessories (Total Qty: 2 Bulk) | D4: 5,260 M Pipes 105 NO Valves 2 Bulk Sets | E4: High-pressure steel piping, valves, and joints up to class 1500. | F4: Piping & Valves
A5: 2 | B5: Mechanical Equipment | C5: • Main Transfer Pumps: Electrical MP-451/452/453 & MP-551/552/553, Diesel MP-554 (Total Qty: 7 NO) • Booster & Auxiliary Pumps: Main Booster Pumps BP-451 A/B/C & BP-551 A/B/C, Re-injection P-551 A/B, Close Drain P-552, Dirty Drain P-553, Fuel P-560 (Total Qty: 12 NO) • Process Tanks: Buried underground horizontal pressure tanks 20 m3 and 30 m3 (Total Qty: 3 NO) • Pig Traps: 16"x20" Pig Launcher Trap S-432, Receiver Trap S-551, Class 900# API 5L X60 (Total Qty: 2 SET) • Cranes: Overhead manual cranes 15 Ton, 5 Ton, Jib cranes 1 Ton (Total Qty: 9 NO) • Pipeline Equipment: Main strainers 600# & 900#, hot bends 16", insulated flanges, anchor flanges, field joint coatings, rail casing (Total Qty: 8 Strainers, 12 Hot Bends, 4 Insulating/Anchor, 20,000 FBE Coatings, 600m Casing) | D5: 58 NO/SET Core Equipments 20,000 FBE Joint Coatings 2 Bulk Mechanical Sets | E5: High-capacity transfer pumps, pig traps, cranes, vessels, and bends. | F5: Mechanical
A6: 3 | B6: Electrical Equipment | C6: • Medium Voltage Cables: 1x240, 3x185, 12/20kV & 6/10kV copper SWA lead covered (Total Qty: 12,360 M) • Low Voltage Cables: 3x240+120, 3x120+70, 3x95, 1x120, 1x95 copper SWA lead covered (Total Qty: 3,270 M) • MV/LV Switchgears: 20kV MV switchgears (VCB 25kA/1s), 6kV withdrawable vacuum type (1600A), 0.4kV LV switchgears, power factor panels (Total Qty: 8 SET) • Power Transformers: 12500kVA 20/6.3kV ONAN transformers, distribution 300kVA & 50kVA transformers (Total Qty: 9 NO) • UPS & Battery Chargers: 230VAC UPS dual system 20kVA (100% battery bank), 110VDC charger dual system 5kW (Total Qty: 4 SET) • Power Transmission Line: 20kV overhead line with AAAC aluminum conductor wire (Total Qty: 20 KM) • Diesel Emergency Generator: 300kVA 400V generator with ATS (Total Qty: 1 NO) • Bulk Electrical: Lighting, grounding, cabling, trays and cathodic protection power supplies | D6: 15,630 M Copper Armored Cables 20 KM Overhead Distribution Line 22 SET Switchgears, Transformers, Emergency UPS | E6: Power substations, armored copper cables, switchgears, and power grids. | F6: Electrical
A7: 4 | B7: Instrumentation & Telecom | C7: • F&G / Control Systems: Microprocessor-based Fire & Gas control panel, PLC-based PCS & ESD dual redundant control systems (Total Qty: 4 SET) • Motor Actuated Valves (MOV): Ball valves 4" to 28", classes 150# to 1500# with 400VAC actuators (Total Qty: 54 NO) • Ultrasonic Flow Meters: 16" inline meters class 600# and 900# RF/RTJ (Total Qty: 8 NO) • Transmitters & Indicators: Pressure, temperature, level, DP transmitters with 316SS wetted parts and 6000# manifolds (Total Qty: 167 NO) • Relief & Control Valves: Globe control valves 12" class 1500, pressure/temperature relief valves, restriction orifices (Total Qty: 57 NO) • Telecom Systems: IP-based telephone systems, industrial paging cabinet and speakers, CCTV security system, LAN server and switches (Total Qty: 12 SET) • Fiber Optic Cable: 16-Core single-mode armored optic cable with closure boxes/patch panels (Total Qty: 4,000 M) • Tank Gauging System (TGS): Radar level transmitters, multipoint temp transmitters, local indicators (Total Qty: 3 SET) • Bulk I&C: Cables, tubing, fittings and installation accessories | D7: 4,000 M Armored Fiber Optic 240 NO Motorized & Control Valves 198 SET Instruments & Transmitters | E7: Process monitoring systems, motorized valves, meters, sensors, and telecom. | F7: Instrumentation
A8: 5 | B8: Cathodic Protection | C8: • Transformer Rectifiers: Outdoor smart automatic oil-immersed units 50V/25A and 50V/50A on concrete pads (Total Qty: 5 NO) • CP Anodes: MMO wire anodes, HSCI rod anodes (3"x60" 50kg), magnesium high-potential anodes (32 lb), zinc temporary anodes (10 lb) (Total Qty: 820 NO) • Materials: Petroleum coke breeze backfill type 2 (>90% Carbon) for deep well bed (Total Qty: 13,500 Kg) • Earthing Cells: Zinc earthing cells (36x36x1520mm) prepackaged with special backfill and cables (Total Qty: 2 NO) • Bulk CP: Testing/bonding junction boxes, copper cabling and connection kits | D8: 5 NO Smart Transformer Rectifiers 822 NO MMO, HSCI, Zinc, Magnesium Anodes 13.5 Tons Coke Breeze Materials | E8: Corrosion prevention systems, rectifiers, anodes, backfills, and grounding. | F8: Cathodic Protection
A9: 6 | B9: Safety & Fire Fighting | C9: • Water Hydrants & Monitors: Hydrants with valve inlets, fixed monitors, bumpers and year-round safety accessories (Total Qty: 12 SET) • Fire Extinguishers: Portable CO2 (6kg, 30kg) and dry powder (12kg, wheeled 75kg) extinguishers (Total Qty: 38 NO) • Gaseous Total Flooding Systems: Inert Gas (Non-CO2 gas) automatic total flooding packages for Control Room and Diesel Generator Building (Total Qty: 2 SET) • Bulk Safety: Hose boxes, fire equipment cabinets, personal protective gear and station signage | D9: 12 SET Hydrants & Fire Monitors 38 NO Dry Powder & CO2 Extinguishers 4 SET Gaseous Flooding & Accessories | E9: Active and passive fire extinguishing systems, hydrants, and safety gear. | F9: Safety & Fire Fighting
A10: 7 | B10: Spare Parts | C10: • Rafsanjan Station Spares: Pump components, instrumentation consumables and startup spare parts (Total Qty: 1 Package) • Yazd Station Spares: Two-year operating mechanical, electrical and structural spare parts (Total Qty: 1 Package) • Pipeline Spares: Spare parts for line block valves, hydraulic actuator kits and connection spares (Total Qty: 1 Package) | D10: 3 Packages (Pre-commissioning consumables & two-year operating spares) | E10: Two-year operating mechanical and electrical spare parts packages. | F10: Spare Parts

Sheet توضیحات2 
B4: فصل بندی متریال براساس جدول ذیل

Sheet توضیحات3 
B4: متریال ( Piping & Valves)

Sheet Piping & Valves
D1: پروژه احداث خط لوله ۱۶ اینچ انتقال فرآورده رفسنجان-یزد و توسعه مراکز انتقال نفت رفسنجان و یزد به روش EPC
E2: بخش لوله‌کشی و شیرآلات (Piping & Valves)
B3: ◀ بازگشت به داشبورد
B5: جدول شماره ۱-۱-۲: قیمت پیشنهادی برای خرید تجهیزات لوله‌کشی تلمبه‌خانه رفسنجان
A6: unit | B6: ردیف (Item) | C6: عنوان | D6: شرح تجهیزات (Description) خلاصه | E6: سایز (Size) | F6: واحد (Unit) | G6: مقدار (Qty) | H6: بهای واحد ریالی (Unit Rial) | I6: بهای واحد ارزی (Unit Euro) | J6: بهای کل ریالی (Total Rial) | K6: بهای کل ارزی (Total Euro) | L6: توضیحات پیمان
A7: تجهیزات لوله‌کشی تلمبه‌خانه رفسنجان | B7: 1 | C7: Pipe | D7: SCH 30 - 8" Pipe | E7: 8" | F7: M | G7: 96 | H7: 0 | I7: 45 | J7: =G7*H7 -> 0 | K7: =G7*I7 -> 4320 | L7: PIPE HFW WELDED, API 5L GRADE B, DOUBLE RANDOM LENGTHS OF 12 M. BEVELED END,BEVEL ENDS PER ANSI B 16.25., DIMENSIONS AND TOLERANCES TO ASME B36.10, TESTING, MARKING TO API 5L AND SPECIFICTION NO. 870063-B-00-XXX-00-101-PI-0034. AND attachment 10 of contract.
A8: تجهیزات لوله‌کشی تلمبه‌خانه رفسنجان | B8: 2 | C8: Pipe | D8: SCH 80 - 8" Pipe | E8: 8" | F8: M | G8: 72 | H8: 0 | I8: 45 | J8: =G8*H8 -> 0 | K8: =G8*I8 -> 3240
A9: تجهیزات لوله‌کشی تلمبه‌خانه رفسنجان | B9: 3 | C9: Pipe | D9: SCH 100 - 8" Pipe | E9: 8" | F9: M | G9: 72 | H9: 0 | I9: 45 | J9: =G9*H9 -> 0 | K9: =G9*I9 -> 3240
A10: تجهیزات لوله‌کشی تلمبه‌خانه رفسنجان | B10: 4 | C10: Pipe | D10: SCH 30 - 12" Pipe | E10: 12" | F10: M | G10: 150 | H10: 0 | I10: 64 | J10: =G10*H10 -> 0 | K10: =G10*I10 -> 9600
A11: تجهیزات لوله‌کشی تلمبه‌خانه رفسنجان | B11: 5 | C11: Pipe | D11: SCH STD - 16" Pipe | E11: 16" | F11: M | G11: 500 | H11: 0 | I11: 124 | J11: =G11*H11 -> 0 | K11: =G11*I11 -> 62000
A12: تجهیزات لوله‌کشی تلمبه‌خانه رفسنجان | B12: 6 | C12: Pipe | D12: PIPE HFW WELDED, API 5L GRADE X52, DOUBLE RANDOM LENGTHS OF 12 M. BEVELED END,BEVEL ENDS PER ANSI B 16.25., DIMENSIONS AND TOLERANCES TO ASME B36.10, TESTING, MARKING TO API 5L SCH 60 - 14" Pipe | E12: 14" | F12: M | G12: 300 | H12: 0 | I12: 165 | J12: =G12*H12 -> 0 | K12: =G12*I12 -> 49500 | L12: PIPE HFW WELDED, API 5L GRADE X52, DOUBLE RANDOM LENGTHS OF 12 M. BEVELED END,BEVEL ENDS PER ANSI B 16.25., DIMENSIONS AND TOLERANCES TO ASME B36.10, TESTING, MARKING TO API 5L AND SPECIFICTION NO. 870063-B-00-XXX-00-101-PI-0034.AND attachment 10 of contract.
A13: تجهیزات لوله‌کشی تلمبه‌خانه رفسنجان | B13: 7 | C13: Pipe | D13: PIPE HFW WELDED, API 5L GRADE X60, DOUBLE RANDOM LENGTHS OF 12 M. BEVELED END,BEVEL ENDS PER ANSI B 16.25., DIMENSIONS AND TOLERANCES TO ASME B36.10, TESTING, MARKING TO API 5L SCH 80 - 14" Pipe | E13: 14" | F13: M | G13: 150 | H13: 0 | I13: 208 | J13: =G13*H13 -> 0 | K13: =G13*I13 -> 31200 | L13: PIPE HFW WELDED, API 5L GRADE X60, DOUBLE RANDOM LENGTHS OF 12 M. BEVELED END,BEVEL ENDS PER ANSI B 16.25., DIMENSIONS AND TOLERANCES TO ASME B36.10, TESTING, MARKING TO API 5L AND SPECIFICTION NO. 870063-B-00-XXX-00-101-PI-0034.AND attachment 10 of contract.
A14: تجهیزات لوله‌کشی تلمبه‌خانه رفسنجان | B14: 8 | C14: Pipe | D14: PIPE HFW WELDED, API 5L GRADE X60, DOUBLE RANDOM LENGTHS OF 12 M. BEVELED END,BEVEL ENDS PER ANSI B 16.25., DIMENSIONS AND TOLERANCES TO ASME B36.10, TESTING, MARKING TO API 5L 25.4 mm - 14" Pipe | E14: 14" | F14: M | G14: 400 | H14: 0 | I14: 273 | J14: =G14*H14 -> 0 | K14: =G14*I14 -> 109200 | L14: PIPE HFW WELDED, API 5L GRADE X60, DOUBLE RANDOM LENGTHS OF 12 M. BEVELED END,BEVEL ENDS PER ANSI B 16.25., DIMENSIONS AND TOLERANCES TO ASME B36.10, TESTING, MARKING TO API 5L AND SPECIFICTION NO. 870063-B-00-XXX-00-101-PI-0034.AND attachment 10 of contract.
A15: تجهیزات لوله‌کشی تلمبه‌خانه رفسنجان | B15: 9 | C15: Gate Valve | D15: GATE VALVE FLANGED, CLASS 150, RAISED FACE, SERRATED FINISH, DESIGN CODE: ASME B16.34, BOLTED BONNET, BOLTED GLAND, SOLID WEDGE, OUTSIDE SCREW & YOKE, RISING STEM THROUGH HANDWHEEL, HANDWHEEL OPERATED, RENEWABLE SEAT, ANTI BLOWOUT STEM. DIMENSIONS TO ANSI B 16.10 BODY: C.S., ASTM A 216 GR. WCB 150# 6" Gate Valve | E15: 6" | F15: NO | G15: 2 | H15: 0 | I15: 531.43 | J15: =G15*H15 -> 0 | K15: =G15*I15 -> 1062.86 | L15: GATE VALVE FLANGED, CLASS 150, RAISED FACE, SERRATED FINISH, DESIGN CODE: ASME B16.34, BOLTED BONNET, BOLTED GLAND, SOLID WEDGE, OUTSIDE SCREW & YOKE, RISING STEM THROUGH HANDWHEEL, HANDWHEEL OPERATED, RENEWABLE SEAT, ANTI BLOWOUT STEM. DIMENSIONS TO ANSI B 16.10 BODY: C.S., ASTM A 216 GR. WCB TRIM : F6 PACKING: SPIRAL WOUND ,ASBESTOS FREE.
A16: تجهیزات لوله‌کشی تلمبه‌خانه رفسنجان | B16: 10 | C16: Gate Valve | D16: GAT VALVE WITH POST INDICATOR FLANGED, CLASS 150, RAISED FACE, SERRATED FINISH, DESIGN CODE: ASME B16.34, BOLTED BONNET, BOLTED GLAND, SOLID WEDGE, OUTSIDE SCREW & YOKE, RISING STEM THROUGH HANDWHEEL, HANDWHEEL OPERATED, RENEWABLE SEAT, ANTI BLOWOUT STEM. DIMENSIONS TO ANSI B 16.10 BODY: C.S., ASTM A 216 GR. WCB 150# 12" Gate Valve | E16: 12" | F16: NO | G16: 3 | H16: 0 | I16: 1280.19 | J16: =G16*H16 -> 0 | K16: =G16*I16 -> 3840.57 | L16: GATE VALVE WITH POST INDICATOR FLANGED, CLASS 150, RAISED FACE, SERRATED FINISH, DESIGN CODE: ASME B16.34, BOLTED BONNET, BOLTED GLAND, SOLID WEDGE, OUTSIDE SCREW & YOKE, RISING STEM THROUGH HANDWHEEL, HANDWHEEL OPERATED, RENEWABLE SEAT, ANTI BLOWOUT STEM. DIMENSIONS TO ANSI B 16.10 BODY: C.S., ASTM A 216 GR. WCB TRIM : F6 PACKING: SPIRAL WOUND ,ASBESTOS FREE.
A17: تجهیزات لوله‌کشی تلمبه‌خانه رفسنجان | B17: 11 | C17: Check Valve | D17: CHECK VALVE FLANGED, RAISED FACE, SERRATED FINISH, CLASS 150, SWING TYPE, REGULAR PATTERN, BOLTED COVER, RENEWABLE SEAT. DESIGN CODE:ASME B16.34 BODY: C.S., ASTM A 216 GR. WCB TRIM : F6 GASKET:ASBESTOS FREE MATERIAL BOLTS & NUTS :ASTM A-197 GR.B7 & ASTM A-194 GR.2H 150# 6" Check Valve | E17: 6" | F17: NO | G17: 2 | H17: 0 | I17: 223.85 | J17: =G17*H17 -> 0 | K17: =G17*I17 -> 447.7 | L17: CHECK VALVE FLANGED, RAISED FACE, SERRATED FINISH, CLASS150, SWING TYPE, REGULAR PATTERN, BOLTED COVER, RENEWABLE SEAT. DESIGN CODE:ASME B16.34 BODY: C.S., ASTM A 216 GR. WCB TRIM : F6 GASKET:ASBESTOS FREE MATERIAL BOLTS & NUTS :ASTM A-197 GR.B7 & ASTM A-194 GR.2H
A18: تجهیزات لوله‌کشی تلمبه‌خانه رفسنجان | B18: 12 | C18: Check Valve | D18: CHECK VALVE FLANGED, RAISED FACE, SERRATED FINISH, CLASS 150, SWING TYPE, REGULAR PATTERN, BOLTED COVER, RENEWABLE SEAT. DESIGN CODE:ASME B16.34 BODY: C.S., ASTM A 216 GR. WCB TRIM : F6 GASKET:ASBESTOS FREE MATERIAL BOLTS & NUTS :ASTM A-197 GR.B7 & ASTM A-194 GR.2H 150# 12" Check Valve | E18: 12" | F18: NO | G18: 2 | H18: 0 | I18: 1767.8 | J18: =G18*H18 -> 0 | K18: =G18*I18 -> 3535.6
A19: تجهیزات لوله‌کشی تلمبه‌خانه رفسنجان | B19: 13 | C19: Check Valve | D19: CHECK VALVE FLANGED, RAISED FACE, SMOOTH FINISH, CLASS 300, SWING TYPE, REGULAR PATTERN, BOLTED COVER, RENEWABLE SEAT. DESIGN CODE:ASME B16.34 BODY: C.S., ASTM A 216 GR. WCB TRIM : F6 GASKET:ASBESTOS FREE MATERIAL 600# 14" Check Valve | E19: 14" | F19: NO | G19: 2 | H19: 0 | I19: 6185.32 | J19: =G19*H19 -> 0 | K19: =G19*I19 -> 12370.64 | L19: CHECK VALVE FLANGED, RAISED FACE, SMOOTH FINISH, CLASS 300, SWING TYPE, REGULAR PATTERN, BOLTED COVER, , RENEWABLE SEAT. DESIGN CODE:ASME B16.34 BODY: C.S., ASTM A 216 GR. WCB TRIM : F6 GASKET:ASBESTOS FREE MATERIAL BOLTS &NUTS :ASTM A-197 GR.B7 & ASTM A-194 GR.2H
A20: تجهیزات لوله‌کشی تلمبه‌خانه رفسنجان | B20: 14 | C20: Check Valve | D20: CHECK VALVE FLANGED, RAISED FACE, SMOOTH FINISH, CLASS 900, SWING TYPE, REGULAR PATTERN, BOLTED COVER, RENEWABLE SEAT. DESIGN CODE:ASME B16.34 BODY: C.S., ASTM A 216 GR. WCB TRIM : F6 GASKET:ASBESTOS FREE MATERIAL BOLTS &NUTS :ASTM A-197 GR.B7 & ASTM A-194 GR.2H 900# 14" Check Valve | E20: 14" | F20: NO | G20: 2 | H20: 0 | I20: 9292.13 | J20: =G20*H20 -> 0 | K20: =G20*I20 -> 18584.26 | L20: CHECK VALVE FLANGED, RAISED FACE, SMOOTH FINISH, CLASS 900, SWING TYPE, REGULAR PATTERN, BOLTED COVER, , RENEWABLE SEAT. DESIGN CODE:ASME B16.34 BODY: C.S., ASTM A 216 GR. WCB TRIM : F6 GASKET:ASBESTOS FREE MATERIAL BOLTS &NUTS :ASTM A-197 GR.B7 & ASTM A-194 GR.2H
A21: تجهیزات لوله‌کشی تلمبه‌خانه رفسنجان | B21: 15 | C21: Check Valve | D21: CHECK VALVE FLANGED, RTJ, SMOOTH FINISH, CLASS 1500, SWING TYPE, REGULAR PATTERN, BOLTED COVER, RENEWABLE SEAT. DESIGN CODE:ASME B16.34 BODY: C.S., ASTM A 216 GR. WCB TRIM : F6 GASKET:ASBESTOS FREE MATERIAL BOLTS &NUTS :ASTM A-197 GR.B7 & ASTM A-194 GR.2H 1500# 14" Check Valve | E21: 14" | F21: NO | G21: 4 | H21: 0 | I21: 14069.71 | J21: =G21*H21 -> 0 | K21: =G21*I21 -> 56278.84 | L21: CHECK VALVE FLANGED, RTJ, SMOOTH FINISH, CLASS 1500, SWING TYPE, REGULAR PATTERN, BOLTED COVER, , RENEWABLE SEAT. DESIGN CODE:ASME B16.34 BODY: C.S., ASTM A 216 GR. WCB TRIM : F6 GASKET:ASBESTOS FREE MATERIAL BOLTS &NUTS :ASTM A-197 GR.B7 & ASTM A-194 GR.2H
A22: تجهیزات لوله‌کشی تلمبه‌خانه رفسنجان | B22: 16 | C22: Chock Valve | D22: CHOCK VALVE RTJ, SERRATED FINISH, CLASS 1500 acc. To attachment 1500# 8" Chock Valve | E22: 8" | F22: NO | G22: 1 | H22: 0 | I22: 5371.23 | J22: =G22*H22 -> 0 | K22: =G22*I22 -> 5371.23 | L22: CHOCK VALVE FLANGED, RTJ, SERRATED FINISH, CLASS 1500 acc . To attachment 10 of contract.
A23: تجهیزات لوله‌کشی تلمبه‌خانه رفسنجان | B23: 17 | C23: Chock Valve | D23: CHOCK VALVE FLANGED, RAISED FACE, SERRATED FINISH, CLASS 150 acc. To 150# 8" Chock Valve | E23: 8" | F23: NO | G23: 1 | H23: 0 | I23: 887.32 | J23: =G23*H23 -> 0 | K23: =G23*I23 -> 887.32 | L23: CHOCK VALVE FLANGED, RAISED FACE, SERRATED FINISH, CLASS 150 acc . To attachment 10 of contract.
A24: تجهیزات لوله‌کشی تلمبه‌خانه رفسنجان | B24: 18 | C24: Ball Valve | D24: BALL VALVE FLANGED, RTJ, SERRATED FINISH, CLASS 1500. REDUCED BORE, DESIGN CODE: ASME B16.34, BOLTED BONNET, BOLTED GLAND, GEAR OPERATED, RENEWABLE SEAT, ANTI BLOWOUT STEM. BODY: C.S., ASTM A 216 GR. WCB TRIM : F6 1500# 8" Ball Valve | E24: 8" | F24: NO | G24: 1 | H24: 0 | I24: 6446.8 | J24: =G24*H24 -> 0 | K24: =G24*I24 -> 6446.8 | L24: BALL VALVE FLANGED, RTJ, SERRATED FINISH, CLASS 1500. REDUCED BORE, DESIGN CODE: ASME B16.34 , BOLTED BONNET , BOLTED GLAND, GEAR OPERATED, RENEWABLE SEAT, ANTI BLOWOUT STEM. BODY: C.S., ASTM A 216 GR. WCB TRIM : F6 PACKING :SPIRAL WOUND,ABESTOS FREE MATERIAL EQUIPPED WITH LIMIT SWITCH
A25: تجهیزات لوله‌کشی تلمبه‌خانه رفسنجان | B25: 19 | C25: Ball Valve | D25: BALL VALVE FLANGED, RTJ, SERRATED FINISH, CLASS 1500. REDUCED BORE, DESIGN CODE: ASME B16.34, BOLTED BONNET, BOLTED GLAND, GEAR OPERATED, RENEWABLE SEAT, ANTI BLOWOUT STEM. BODY: C.S., ASTM A 216 GR. WCB TRIM : F6 GASKET: SPIRAL WOUND, ASBESTOS FREE MATERIAL EQUIPPED 1500# 14" Ball Valve | E25: 14" | F25: NO | G25: 2 | H25: 0 | I25: 14819.15 | J25: =G25*H25 -> 0 | K25: =G25*I25 -> 29638.3 | L25: BALL VALVE FLANGED, RTJ , SERRATED FINISH, CLASS 1500. REDUCED BORE, DESIGN CODE: ASME B16.34 , BOLTED BONNET , BOLTED GLAND, GEAR OPERATED, RENEWABLE SEAT, ANTI BLOWOUT STEM. BODY: C.S., ASTM A 216 GR. WCB TRIM : F6 PACKING :SPIRAL WOUND,ABESTOS FREE MATERIAL EQUIPPED WITH LIMIT SWITCH
A26: تجهیزات لوله‌کشی تلمبه‌خانه رفسنجان | B26: 20 | C26: Ball Valve | D26: BALL VALVE FLANGED, RAISED FACE, SERRATED FINISH, CLASS 600. REDUCED BORE, DESIGN CODE: ASME B16.34, BOLTED BONNET, BOLTED GLAND, GEAR OPERATED, RENEWABLE SEAT, ANTI BLOWOUT STEM. BODY: C.S., ASTM A 216 GR. WCB TRIM : F6 600# 14" Ball Valve | E26: 14" | F26: NO | G26: 2 | H26: 0 | I26: 10103.79 | J26: =G26*H26 -> 0 | K26: =G26*I26 -> 20207.58 | L26: BALL VALVE FLANGED, RAISED FACE, SERRATED FINISH, CLASS 600. REDUCED BORE, DESIGN CODE: ASME B16.34 , BOLTED BONNET , BOLTED GLAND, GEAR OPERATED, RENEWABLE SEAT, ANTI BLOWOUT STEM. BODY: C.S., ASTM A 216 GR. WCB TRIM : F6 PACKING :SPIRAL WOUND,ABESTOS FREE MATERIAL EQUIPPED WITH LIMIT SWITCH
A27: تجهیزات لوله‌کشی تلمبه‌خانه رفسنجان | B27: 21 | C27: GLOBE VALVE | D27: GLOBE VALVE CLASS 1500, FLANGED RTJ, TO ASME B16.34, BOLTED BONNET, BOLTED GLAND, OS & Y, GEAR OPERATED SWIVEL PLUG TYPE DISC BODY : FCS, ASTM A 216 WCB TRIM : F6 1500# 14" GLOBE VALVE | E27: 14" | F27: NO | G27: 1 | H27: 0 | I27: 19896.18 | J27: =G27*H27 -> 0 | K27: =G27*I27 -> 19896.18 | L27: GLOBE VALVE CLASS 1500, FLANGED RTJ, TO ASME B16.34, BOLTED BONNET, BOLTED GLAND, OS & Y, GEAR OPERATED SWIVEL PLUG TYPE DISC BODY : FCS, ASTM A 216 WCB TRIM : F6 PACKING: SPIRAL WOUND ,ASBESTOS FREE
A28: تجهیزات لوله‌کشی تلمبه‌خانه رفسنجان | B28: 22 | C28: balk | D28: Bulk Piping Equipment / بالك تجهيزات لوله‌کشی تلمبه‌خانه رفسنجان (مطابق شرح خدمات پیوست ۱۰) | E28: Bulk | F28: يكقلم | G28: 1 | H28: 0 | I28: 150000 | J28: =G28*H28 -> 0 | K28: =G28*I28 -> 150000 | L28: (مطابق شرح خدمات پیوست ۱۰)
D29: جمع کل بخش (Subtotal) | G29: =SUM(G7:G28) -> 1766 | J29: =SUM(J7:J28) -> 0 | K29: =SUM(K7:K28) -> 600867.88
B30: جدول شماره ۱-۲-۲: قیمت پیشنهادی برای خرید تجهیزات لوله‌کشی تلمبه‌خانه یزد
A31: unit | B31: ردیف (Item) | C31: عنوان | D31: شرح تجهیزات (Description) خلاصه | E31: سایز (Size) | F31: واحد (Unit) | G31: مقدار (Qty) | H31: بهای واحد ریالی (Unit Rial) | I31: بهای واحد ارزی (Unit Euro) | J31: بهای کل ریالی (Total Rial) | K31: بهای کل ارزی (Total Euro) | L31: توضیحات پیمان
A32: تجهیزات لوله‌کشی تلمبه‌خانه یزد | B32: 1 | C32: Pipe | D32: SCH 100 - 8" Pipe | E32: 8" | F32: M | G32: 60 | H32: 0 | I32: 91 | J32: =G32*H32 -> 0 | K32: =G32*I32 -> 5460 | L32: PIPE HFW WELDED., API 5L GRADE B, DOUBLE RANDOM LENGTHS OF 12 M. BEVELED ENDS PER ASME B 16.25., DIMENSIONS AND TOLERANCES TO ASME B36.10, TESTING, MARKING TO API 5L AND SPECIFICTION NO. 870063-B-00-XXX-00-101-PI-0034, BEVELED END,BEVEL ENDS PER ASME B 16.25.
A33: تجهیزات لوله‌کشی تلمبه‌خانه یزد | B33: 2 | C33: Pipe | D33: SCH 30 - 8" Pipe | E33: 8" | F33: M | G33: 48 | H33: 0 | I33: 44 | J33: =G33*H33 -> 0 | K33: =G33*I33 -> 2112
A34: تجهیزات لوله‌کشی تلمبه‌خانه یزد | B34: 3 | C34: Pipe | D34: SCH 80 - 8" Pipe | E34: 8" | F34: M | G34: 24 | H34: 0 | I34: 77.5 | J34: =G34*H34 -> 0 | K34: =G34*I34 -> 1860
A35: تجهیزات لوله‌کشی تلمبه‌خانه یزد | B35: 4 | C35: Pipe | D35: SCH 30 - 12" Pipe | E35: 12" | F35: M | G35: 200 | H35: 0 | I35: 80 | J35: =G35*H35 -> 0 | K35: =G35*I35 -> 16000
A36: تجهیزات لوله‌کشی تلمبه‌خانه یزد | B36: 5 | C36: Pipe | D36: SCH STD - 14" Pipe | E36: 14" | F36: M | G36: 1600 | H36: 0 | I36: 100 | J36: =G36*H36 -> 0 | K36: =G36*I36 -> 160000
A37: تجهیزات لوله‌کشی تلمبه‌خانه یزد | B37: 6 | C37: Pipe | D37: SCH STD - 16" Pipe | E37: 16" | F37: M | G37: 36 | H37: 0 | I37: 110 | J37: =G37*H37 -> 0 | K37: =G37*I37 -> 3960
A38: تجهیزات لوله‌کشی تلمبه‌خانه یزد | B38: 7 | C38: Pipe | D38: SCH 30 - 18" Pipe | E38: 18" | F38: M | G38: 200 | H38: 0 | I38: 145 | J38: =G38*H38 -> 0 | K38: =G38*I38 -> 29000
A39: تجهیزات لوله‌کشی تلمبه‌خانه یزد | B39: 8 | C39: Pipe | D39: PIPE SUBMERGED ARC WELDED., API 5L GRADE B, DOUBLE RANDOM LENGTHS OF 12 M. BEVELED ENDS PER ASME B 16.25., DIMENSIONS AND TOLERANCES TO ASME B36.10, TESTING, MARKING TO API 5L AND SPECIFICTION NO. 870063-B-00-XXX-00-101-PI-0034, BEVELED END,BEVEL ENDS PER ASME B 16.25. SCH STD - 28" Pipe | E39: 28" | F39: M | G39: 450 | H39: 0 | I39: 220 | J39: =G39*H39 -> 0 | K39: =G39*I39 -> 99000 | L39: PIPE SUBMERGED ARC WELDED., API 5L GRADE B, DOUBLE RANDOM LENGTHS OF 12 M. BEVELED ENDS PER ASME B 16.25., DIMENSIONS AND TOLERANCES TO ASME B36.10, TESTING, MARKING TO API 5L AND SPECIFICTION NO. 870063-B-00-XXX-00-101-PI-0034, BEVELED END,BEVEL ENDS PER ASME B 16.25.
A40: تجهیزات لوله‌کشی تلمبه‌خانه یزد | B40: 9 | C40: Pipe | D40: SCH 60 - 14" Pipe | E40: 14" | F40: M | G40: 90 | H40: 0 | I40: 170 | J40: =G40*H40 -> 0 | K40: =G40*I40 -> 15300 | L40: PIPE HFW WELDED., API 5L GRADE X52, DOUBLE RANDOM LENGTHS OF 12 M. BEVELED ENDS PER ASME B 16.25., DIMENSIONS AND TOLERANCES TO ASME B36.10, TESTING, MARKING TO API 5L AND SPECIFICTION NO. 870063-B-00-XXX-00-101-PI-0034. BEVELED END,BEVEL ENDS PER ASME B 16.25.
A41: تجهیزات لوله‌کشی تلمبه‌خانه یزد | B41: 10 | C41: Pipe | D41: SCH 60 - 16" Pipe | E41: 16" | F41: M | G41: 12 | H41: 0 | I41: 192 | J41: =G41*H41 -> 0 | K41: =G41*I41 -> 2304
A42: تجهیزات لوله‌کشی تلمبه‌خانه یزد | B42: 11 | C42: Pipe | D42: SCH 80 - 12" Pipe | E42: 12" | F42: M | G42: 200 | H42: 0 | I42: 160 | J42: =G42*H42 -> 0 | K42: =G42*I42 -> 32000 | L42: PIPE HFW WELDED., API 5L GRADE X60, DOUBLE RANDOM LENGTHS OF 12 M. BEVELED ENDS PER ASME B 16.25., DIMENSIONS AND TOLERANCES TO ASME B36.10, TESTING, MARKING TO API 5L AND SPECIFICTION NO. 870063-B-00-XXX-00-101-PI-0034. BEVELED END,BEVEL ENDS PER ASME B 16.25.
A43: تجهیزات لوله‌کشی تلمبه‌خانه یزد | B43: 12 | C43: Pipe | D43: SCH 80 - 14" Pipe | E43: 14" | F43: M | G43: 600 | H43: 0 | I43: 190 | J43: =G43*H43 -> 0 | K43: =G43*I43 -> 114000
A44: تجهیزات لوله‌کشی تلمبه‌خانه یزد | B44: 13 | C44: Gate Valve | D44: GATE VALVE FLANGED, CLASS 150, 150# 6" Gate Valve | E44: 6" | F44: NO | G44: 11 | H44: 0 | I44: 550 | J44: =G44*H44 -> 0 | K44: =G44*I44 -> 6050 | L44: GATE VALVE FLANGED, CLASS 150, RAISED FACE, SERRATED FINISH, DESIGN CODE: ASME B16.34, BOLTED BONNET, BOLTED GLAND, SOLID WEDGE, OUTSIDE SCREW & YOKE, RISING STEM THROUGH HANDWHEEL, WRENCH OPERATED, RENEWABLE SEAT, ANTI BLOWOUT STEM. DIMENSIONS TO ASME B 16.10 BODY: C.S., ASTM A 216 GR. WCB TRIM : F6 PACKING: SPIRAL WOUND ,ASBESTOS FREE.
A45: تجهیزات لوله‌کشی تلمبه‌خانه یزد | B45: 14 | C45: Gate Valve | D45: GATE VALVE FLANGED, CLASS 600, 600# 14" Gate Valve | E45: 14" | F45: NO | G45: 1 | H45: 0 | I45: 7000 | J45: =G45*H45 -> 0 | K45: =G45*I45 -> 7000 | L45: GATE VALVE FLANGED, CLASS 600, RAISED FACE, SERRATED FINISH, DESIGN CODE: ASME B16.34, BOLTED BONNET, BOLTED GLAND, SOLID WEDGE, OUTSIDE SCREW & YOKE, RISING STEM THROUGH HANDWHEEL,GEAR OPERATED, RENEWABLE SEAT, ANTI BLOWOUT STEM. DIMENSIONS TO ASME B 16.10 BODY: C.S., ASTM A 216 GR. WCB TRIM : F6 PACKING: SPIRAL WOUND ,ASBESTOS FREE.
A46: تجهیزات لوله‌کشی تلمبه‌خانه یزد | B46: 15 | C46: Gate Valve | D46: GATE VALVE FLANGED, CLASS 600, 600# 16" Gate Valve | E46: 16" | F46: NO | G46: 1 | H46: 0 | I46: 14000 | J46: =G46*H46 -> 0 | K46: =G46*I46 -> 14000
A47: تجهیزات لوله‌کشی تلمبه‌خانه یزد | B47: 16 | C47: Gate Valve | D47: GATE VALVE FLANGED, CLASS 900, 900# 6" Gate Valve | E47: 6" | F47: NO | G47: 1 | H47: 0 | I47: 3900 | J47: =G47*H47 -> 0 | K47: =G47*I47 -> 3900 | L47: GATE VALVE FLANGED, CLASS 900, RAISED FACE, SERRATED FINISH, DESIGN CODE: ASME B16.34, BOLTED BONNET, BOLTED GLAND, SOLID WEDGE, OUTSIDE SCREW & YOKE, RISING STEM THROUGH HANDWHEEL, GEAR OPERATED, RENEWABLE SEAT, ANTI BLOWOUT STEM. DIMENSIONS TO ASME B 16.10 BODY: C.S., ASTM A 216 GR. WCB TRIM : F6 PACKING: SPIRAL WOUND ,ASBESTOS FREE.
A48: تجهیزات لوله‌کشی تلمبه‌خانه یزد | B48: 17 | C48: Gate Valve | D48: GATE VALVE FLANGED, CLASS 900, 900# 14" Gate Valve | E48: 14" | F48: NO | G48: 4 | H48: 0 | I48: 23000 | J48: =G48*H48 -> 0 | K48: =G48*I48 -> 92000
A49: تجهیزات لوله‌کشی تلمبه‌خانه یزد | B49: 18 | C49: Check Valve | D49: CHECK VALVE FLANGED, CLASS 150, 150# 6" Check Valve | E49: 6" | F49: NO | G49: 4 | H49: 0 | I49: 224 | J49: =G49*H49 -> 0 | K49: =G49*I49 -> 896 | L49: CHECK VALVE FLANGED, RAISED FACE, SERRATED FINISH, CLASS150, SWING TYPE, REGULAR PATTERN, BOLTED COVER, RENEWABLE SEAT. DESIGN CODE:ASME B16.34 BODY: C.S., ASTM A 216 GR. WCB TRIM : F6 GASKET:ASBESTOS FREE MATERIAL BOLTS & NUTS :ASTM A-197 GR.B7 & ASTM A-194 GR.2H
A50: تجهیزات لوله‌کشی تلمبه‌خانه یزد | B50: 19 | C50: Check Valve | D50: CHECK VALVE FLANGED, CLASS 150, 150# 12" Check Valve | E50: 12" | F50: NO | G50: 7 | H50: 0 | I50: 1700 | J50: =G50*H50 -> 0 | K50: =G50*I50 -> 11900
A51: تجهیزات لوله‌کشی تلمبه‌خانه یزد | B51: 20 | C51: Check Valve | D51: CHECK VALVE FLANGED, CLASS 150, 150# 14" Check Valve | E51: 14" | F51: NO | G51: 6 | H51: 0 | I51: 1250 | J51: =G51*H51 -> 0 | K51: =G51*I51 -> 7500
A52: تجهیزات لوله‌کشی تلمبه‌خانه یزد | B52: 21 | C52: Check Valve | D52: CHECK VALVE FLANGED, CLASS 150, 150# 18" Check Valve | E52: 18" | F52: NO | G52: 1 | H52: 0 | I52: 3600 | J52: =G52*H52 -> 0 | K52: =G52*I52 -> 3600
A53: تجهیزات لوله‌کشی تلمبه‌خانه یزد | B53: 22 | C53: Check Valve | D53: CHECK VALVE FLANGED, CLASS 150, 150# 28" Check Valve | E53: 28" | F53: NO | G53: 2 | H53: 0 | I53: 10000 | J53: =G53*H53 -> 0 | K53: =G53*I53 -> 20000
A54: تجهیزات لوله‌کشی تلمبه‌خانه یزد | B54: 23 | C54: Check Valve | D54: CHECK VALVE FLANGED, CLASS 600, 600# 12" Check Valve | E54: 12" | F54: NO | G54: 1 | H54: 0 | I54: 3000 | J54: =G54*H54 -> 0 | K54: =G54*I54 -> 3000 | L54: CHECK VALVE FLANGED, RAISED FACE, SERRATED FINISH, CLASS600, SWING TYPE, REGULAR PATTERN, BOLTED COVER, RENEWABLE SEAT. DESIGN CODE:ASME B16.34 BODY: C.S., ASTM A 216 GR. WCB TRIM : F6 GASKET:ASBESTOS FREE MATERIAL BOLTS & NUTS :ASTM A-197 GR.B7 & ASTM A-194 GR.2H
A55: تجهیزات لوله‌کشی تلمبه‌خانه یزد | B55: 24 | C55: Check Valve | D55: CHECK VALVE FLANGED, CLASS 600, 600# 14" Check Valve | E55: 14" | F55: NO | G55: 1 | H55: 0 | I55: 6500 | J55: =G55*H55 -> 0 | K55: =G55*I55 -> 6500
A56: تجهیزات لوله‌کشی تلمبه‌خانه یزد | B56: 25 | C56: Check Valve | D56: CHECK VALVE FLANGED, CLASS 900, 900# 12" Check Valve | E56: 12" | F56: NO | G56: 2 | H56: 0 | I56: 4300 | J56: =G56*H56 -> 0 | K56: =G56*I56 -> 8600 | L56: CHECK VALVE FLANGED, RAISED FACE, SMOOTH FINISH, CLASS 900, SWING TYPE, REGULAR PATTERN, BOLTED COVER, , RENEWABLE SEAT. DESIGN CODE:ASME B16.34 BODY: C.S., ASTM A 216 GR. WCB TRIM : F6 GASKET:ASBESTOS FREE MATERIAL BOLTS &NUTS :ASTM A-197 GR.B7 & ASTM A-194 GR.2H
A57: تجهیزات لوله‌کشی تلمبه‌خانه یزد | B57: 26 | C57: Check Valve | D57: CHECK VALVE FLANGED, CLASS 900, 900# 14" Check Valve | E57: 14" | F57: NO | G57: 5 | H57: 0 | I57: 7000 | J57: =G57*H57 -> 0 | K57: =G57*I57 -> 35000
A58: تجهیزات لوله‌کشی تلمبه‌خانه یزد | B58: 27 | C58: Ball Valve | D58: BALL VALVE FLANGED, CLASS 150, 150# 6" Ball Valve | E58: 6" | F58: NO | G58: 3 | H58: 0 | I58: 805 | J58: =G58*H58 -> 0 | K58: =G58*I58 -> 2415 | L58: BALL VALVE FLANGED, RAISED FACE, SERRATED FINISH, CLASS150. REDUCED BORE, TRUNNION MONTED , FIRE SAFE. SECONDARY SEAL, ANTI STATIC DEVICE,, WRENCH OPERATED. TWO PIECES DESIGN, ANTI BLOWOUT STEM, DOUBLE BLOCK & BLEED. DESIGN CODE :ASME B16.34 BODY: C.S., ASTM A 216 GR. WCB TRIM : F6 BALL & STEM : 13 % CHROME OR C.S. + 0.003" ENP SEAT & SEAL:PTFE
A59: تجهیزات لوله‌کشی تلمبه‌خانه یزد | B59: 28 | C59: Ball Valve | D59: BALL VALVE FLANGED, CLASS 150, 150# 18" Ball Valve | E59: 18" | F59: NO | G59: 1 | H59: 0 | I59: 10300 | J59: =G59*H59 -> 0 | K59: =G59*I59 -> 10300 | L59: BALL VALVE FLANGED, RAISED FACE, SERRATED FINISH, CLASS150. REDUCED BORE, TRUNNION MONTED , FIRE SAFE. SECONDARY SEAL, ANTI STATIC DEVICE,, GEAR OPERATED. TWO PIECES DESIGN, ANTI BLOWOUT STEM, DOUBLE BLOCK & BLEED. DESIGN CODE :ASME B16.34 BODY: C.S., ASTM A 216 GR. WCB TRIM : F6 BALL & STEM : 13 % CHROME OR C.S. + 0.003" ENP SEAT & SEAL:PTFE
A60: تجهیزات لوله‌کشی تلمبه‌خانه یزد | B60: 29 | C60: Ball Valve | D60: BALL VALVE FLANGED, CLASS 150, 150# 14" Ball Valve | E60: 14" | F60: NO | G60: 5 | H60: 0 | I60: 6300 | J60: =G60*H60 -> 0 | K60: =G60*I60 -> 31500
A61: تجهیزات لوله‌کشی تلمبه‌خانه یزد | B61: 30 | C61: Ball Valve | D61: BALL VALVE FLANGED, CLASS 150, 150# 28" Ball Valve | E61: 28" | F61: NO | G61: 2 | H61: 0 | I61: 18000 | J61: =G61*H61 -> 0 | K61: =G61*I61 -> 36000
A62: تجهیزات لوله‌کشی تلمبه‌خانه یزد | B62: 31 | C62: Ball Valve | D62: BALL VALVE FLANGED, CLASS 600, 600# 14" Ball Valve | E62: 14" | F62: NO | G62: 4 | H62: 0 | I62: 9300 | J62: =G62*H62 -> 0 | K62: =G62*I62 -> 37200 | L62: BALL VALVE FLANGED, RAISED FACE, SERRATED FINISH, CLASS 600. REDUCED BORE, TRUNNION MONTED , FIRE SAFE. SECONDARY SEAL, ANTI STATIC DEVICE, GEAR OPERATED. TWO PIECES DESIGN, ANTI BLOWOUT STEM, DOUBLE BLOCK & BLEED. DESIGN CODE :ASME B16.34 BODY: C.S., ASTM A 216 GR. WCB TRIM : F6 BALL & STEM : 13 % CHROME OR C.S. + 0.003" ENP SEAT & SEAL:PTFE
A63: تجهیزات لوله‌کشی تلمبه‌خانه یزد | B63: 32 | C63: Ball Valve | D63: BALL VALVE FLANGED, CLASS 900, 900# 12" Ball Valve | E63: 12" | F63: NO | G63: 2 | H63: 0 | I63: 10250 | J63: =G63*H63 -> 0 | K63: =G63*I63 -> 20500 | L63: BALL VALVE FLANGED, RAISED FACE, SERRATED FINISH, CLASS 900. REDUCED BORE, TRUNNION MONTED , FIRE SAFE. SECONDARY SEAL, ANTI STATIC DEVICE, GEAR OPERATED. TWO PIECES DESIGN, ANTI BLOWOUT STEM, DOUBLE BLOCK & BLEED. DESIGN CODE :ASME B16.34 BODY: C.S., ASTM A 216 GR. WCB TRIM : F6 BALL & STEM : 13 % CHROME OR C.S. + 0.003" ENP SEAT & SEAL:PTFE
A64: تجهیزات لوله‌کشی تلمبه‌خانه یزد | B64: 33 | C64: Ball Valve | D64: BALL VALVE FLANGED, CLASS 900, 900# 14" Ball Valve | E64: 14" | F64: NO | G64: 8 | H64: 0 | I64: 12000 | J64: =G64*H64 -> 0 | K64: =G64*I64 -> 96000
A65: تجهیزات لوله‌کشی تلمبه‌خانه یزد | B65: 34 | C65: Chock Valve | D65: CHOCK VALVE FLANGED, CLASS 900, 900# 8" Chock Valve | E65: 8" | F65: NO | G65: 1 | H65: 0 | I65: 3700 | J65: =G65*H65 -> 0 | K65: =G65*I65 -> 3700 | L65: CHOCK VALVE FLANGED, RAISED FACE, SERRATED FINISH, CLASS 900
A66: تجهیزات لوله‌کشی تلمبه‌خانه یزد | B66: 35 | C66: Chock Valve | D66: CHOCK VALVE FLANGED, CLASS 150, 150# 8" Chock Valve | E66: 8" | F66: NO | G66: 1 | H66: 0 | I66: 900 | J66: =G66*H66 -> 0 | K66: =G66*I66 -> 900 | L66: CHOCK VALVE FLANGED, RAISED FACE, SERRATED FINISH, CLASS 150
A67: تجهیزات لوله‌کشی تلمبه‌خانه یزد | B67: 36 | C67: EXPANSION JOINT | D67: EXPANSION JOINT SPOOL TYPE, 150# 14" Expansion Joint | E67: 14" | F67: NO | G67: 3 | H67: 0 | I67: 11 | J67: =G67*H67 -> 0 | K67: =G67*I67 -> 33 | L67: EXPANSION JOINT SPOOL TYPE, WITH NBR SYNTHETIC RUBBER AND CANVAS, OPEN ARC, COMPLETED WITH STEEL CABLE LAYERS (WIRES), EACH EXPANSION JOINT HAS TWO FULL FLAT FACED REINFORCED RUBBER FLANGES SUPPORTED BY STEEL BACKING PLATES AND DRILLING TO ASME B16.5 CLASS 150, WORKING PRESSURE 150 PSI AT 85 DEG. C. VENDOR SHALL SPECIFIED ALLOWABLE AXIAL AND LATERAL MOVEMENT.
A68: تجهیزات لوله‌کشی تلمبه‌خانه یزد | B68: 37 | C68: EXPANSION JOINT | D68: EXPANSION JOINT SPOOL TYPE, 150# 18" Expansion Joint | E68: 18" | F68: NO | G68: 1 | H68: 0 | I68: 16 | J68: =G68*H68 -> 0 | K68: =G68*I68 -> 16
A69: تجهیزات لوله‌کشی تلمبه‌خانه یزد | B69: 38 | C69: EXPANSION JOINT | D69: EXPANSION JOINT SPOOL TYPE, 150# 28" Expansion Joint | E69: 28" | F69: NO | G69: 2 | H69: 0 | I69: 25 | J69: =G69*H69 -> 0 | K69: =G69*I69 -> 50
A70: تجهیزات لوله‌کشی تلمبه‌خانه یزد | B70: 39 | C70: bulk | D70: Bulk Piping Equipment / بالك تجهيزات لوله‌کشی تلمبه‌خانه یزد (مطابق شرح خدمات پیوست ۱۰) | E70: Bulk | F70: يكقلم | G70: 1 | H70: 0 | I70: 2500 | J70: =G70*H70 -> 0 | K70: =G70*I70 -> 2500 | L70: (مطابق شرح خدمات پیوست ۱۰)
B71: جمع کل بخش (Subtotal) | G71: =SUM(G32:G70) -> 3601 | J71: =SUM(J32:J70) -> 0 | K71: =SUM(K32:K70) -> 942056

Sheet Piping & Valves تجمعی
E1: پروژه احداث خط لوله ۱۶ اینچ انتقال فرآورده رفسنجان-یزد و توسعه مراکز انتقال نفت رفسنجان و یزد به روش EPC
E2: بخش لوله‌کشی و شیرآلات (Piping & Valves)
B3: ◀ بازگشت به داشبورد
B5: جدول شماره ۱-۱-۲: قیمت پیشنهادی برای خرید تجهیزات لوله‌کشی تلمبه‌خانه رفسنجان
A7: unit | B7: ردیف (Item) | C7: عنوان | D7: شرح تجهیزات (Description) خلاصه | E7: سایز (Size) | F7: واحد (Unit) | G7: مقدار (Qty) | H7: بهای واحد ریالی (Unit Rial) | I7: بهای واحد ارزی (Unit Euro) | J7: بهای کل ریالی (Total Rial) | K7: بهای کل ارزی (Total Euro) | L7: توضیحات پیمان
A8: تجهیزات لوله‌کشی تلمبه‌خانه رفسنجان | B8: 1 | C8: Pipe | D8: SCH 30 - 8" Pipe | E8: 8" | F8: M | G8: 96 | H8: 0 | I8: 45 | J8: =G8*H8 -> 0 | K8: =G8*I8 -> 4320 | L8: PIPE HFW WELDED, API 5L GRADE B, DOUBLE RANDOM LENGTHS OF 12 M. BEVELED END,BEVEL ENDS PER ANSI B 16.25., DIMENSIONS AND TOLERANCES TO ASME B36.10, TESTING, MARKING TO API 5L AND SPECIFICTION NO. 870063-B-00-XXX-00-101-PI-0034. AND attachment 10 of contract.
A9: تجهیزات لوله‌کشی تلمبه‌خانه رفسنجان | B9: 2 | C9: Pipe | D9: SCH 80 - 8" Pipe | E9: 8" | F9: M | G9: 72 | H9: 0 | I9: 45 | J9: =G9*H9 -> 0 | K9: =G9*I9 -> 3240
A10: تجهیزات لوله‌کشی تلمبه‌خانه رفسنجان | B10: 3 | C10: Pipe | D10: SCH 100 - 8" Pipe | E10: 8" | F10: M | G10: 72 | H10: 0 | I10: 45 | J10: =G10*H10 -> 0 | K10: =G10*I10 -> 3240
A11: تجهیزات لوله‌کشی تلمبه‌خانه رفسنجان | B11: 4 | C11: Pipe | D11: SCH 30 - 12" Pipe | E11: 12" | F11: M | G11: 150 | H11: 0 | I11: 64 | J11: =G11*H11 -> 0 | K11: =G11*I11 -> 9600
A12: تجهیزات لوله‌کشی تلمبه‌خانه رفسنجان | B12: 5 | C12: Pipe | D12: SCH STD - 16" Pipe | E12: 16" | F12: M | G12: 500 | H12: 0 | I12: 124 | J12: =G12*H12 -> 0 | K12: =G12*I12 -> 62000
A13: تجهیزات لوله‌کشی تلمبه‌خانه رفسنجان | B13: 6 | C13: Pipe | D13: PIPE HFW WELDED, API 5L GRADE X52, DOUBLE RANDOM LENGTHS OF 12 M. BEVELED END,BEVEL ENDS PER ANSI B 16.25., DIMENSIONS AND TOLERANCES TO ASME B36.10, TESTING, MARKING TO API 5L SCH 60 - 14" Pipe | E13: 14" | F13: M | G13: 300 | H13: 0 | I13: 165 | J13: =G13*H13 -> 0 | K13: =G13*I13 -> 49500 | L13: PIPE HFW WELDED, API 5L GRADE X52, DOUBLE RANDOM LENGTHS OF 12 M. BEVELED END,BEVEL ENDS PER ANSI B 16.25., DIMENSIONS AND TOLERANCES TO ASME B36.10, TESTING, MARKING TO API 5L AND SPECIFICTION NO. 870063-B-00-XXX-00-101-PI-0034.AND attachment 10 of contract.
A14: تجهیزات لوله‌کشی تلمبه‌خانه رفسنجان | B14: 7 | C14: Pipe | D14: PIPE HFW WELDED, API 5L GRADE X60, DOUBLE RANDOM LENGTHS OF 12 M. BEVELED END,BEVEL ENDS PER ANSI B 16.25., DIMENSIONS AND TOLERANCES TO ASME B36.10, TESTING, MARKING TO API 5L SCH 80 - 14" Pipe | E14: 14" | F14: M | G14: 150 | H14: 0 | I14: 208 | J14: =G14*H14 -> 0 | K14: =G14*I14 -> 31200 | L14: PIPE HFW WELDED, API 5L GRADE X60, DOUBLE RANDOM LENGTHS OF 12 M. BEVELED END,BEVEL ENDS PER ANSI B 16.25., DIMENSIONS AND TOLERANCES TO ASME B36.10, TESTING, MARKING TO API 5L AND SPECIFICTION NO. 870063-B-00-XXX-00-101-PI-0034.AND attachment 10 of contract.
A15: تجهیزات لوله‌کشی تلمبه‌خانه رفسنجان | B15: 8 | C15: Pipe | D15: PIPE HFW WELDED, API 5L GRADE X60, DOUBLE RANDOM LENGTHS OF 12 M. BEVELED END,BEVEL ENDS PER ANSI B 16.25., DIMENSIONS AND TOLERANCES TO ASME B36.10, TESTING, MARKING TO API 5L 25.4 mm - 14" Pipe | E15: 14" | F15: M | G15: 400 | H15: 0 | I15: 273 | J15: =G15*H15 -> 0 | K15: =G15*I15 -> 109200 | L15: PIPE HFW WELDED, API 5L GRADE X60, DOUBLE RANDOM LENGTHS OF 12 M. BEVELED END,BEVEL ENDS PER ANSI B 16.25., DIMENSIONS AND TOLERANCES TO ASME B36.10, TESTING, MARKING TO API 5L AND SPECIFICTION NO. 870063-B-00-XXX-00-101-PI-0034.AND attachment 10 of contract.
A16: تجهیزات لوله‌کشی تلمبه‌خانه رفسنجان | B16: 9 | C16: Gate Valve | D16: GATE VALVE FLANGED, CLASS 150, RAISED FACE, SERRATED FINISH, DESIGN CODE: ASME B16.34, BOLTED BONNET, BOLTED GLAND, SOLID WEDGE, OUTSIDE SCREW & YOKE, RISING STEM THROUGH HANDWHEEL, HANDWHEEL OPERATED, RENEWABLE SEAT, ANTI BLOWOUT STEM. DIMENSIONS TO ANSI B 16.10 BODY: C.S., ASTM A 216 GR. WCB 150# 6" Gate Valve | E16: 6" | F16: NO | G16: 2 | H16: 0 | I16: 531.43 | J16: =G16*H16 -> 0 | K16: =G16*I16 -> 1062.86 | L16: GATE VALVE FLANGED, CLASS 150, RAISED FACE, SERRATED FINISH, DESIGN CODE: ASME B16.34, BOLTED BONNET, BOLTED GLAND, SOLID WEDGE, OUTSIDE SCREW & YOKE, RISING STEM THROUGH HANDWHEEL, HANDWHEEL OPERATED, RENEWABLE SEAT, ANTI BLOWOUT STEM. DIMENSIONS TO ANSI B 16.10 BODY: C.S., ASTM A 216 GR. WCB TRIM : F6 PACKING: SPIRAL WOUND ,ASBESTOS FREE.
A17: تجهیزات لوله‌کشی تلمبه‌خانه رفسنجان | B17: 10 | C17: Gate Valve | D17: GAT VALVE WITH POST INDICATOR FLANGED, CLASS 150, RAISED FACE, SERRATED FINISH, DESIGN CODE: ASME B16.34, BOLTED BONNET, BOLTED GLAND, SOLID WEDGE, OUTSIDE SCREW & YOKE, RISING STEM THROUGH HANDWHEEL, HANDWHEEL OPERATED, RENEWABLE SEAT, ANTI BLOWOUT STEM. DIMENSIONS TO ANSI B 16.10 BODY: C.S., ASTM A 216 GR. WCB 150# 12" Gate Valve | E17: 12" | F17: NO | G17: 3 | H17: 0 | I17: 1280.19 | J17: =G17*H17 -> 0 | K17: =G17*I17 -> 3840.57 | L17: GATE VALVE WITH POST INDICATOR FLANGED, CLASS 150, RAISED FACE, SERRATED FINISH, DESIGN CODE: ASME B16.34, BOLTED BONNET, BOLTED GLAND, SOLID WEDGE, OUTSIDE SCREW & YOKE, RISING STEM THROUGH HANDWHEEL, HANDWHEEL OPERATED, RENEWABLE SEAT, ANTI BLOWOUT STEM. DIMENSIONS TO ANSI B 16.10 BODY: C.S., ASTM A 216 GR. WCB TRIM : F6 PACKING: SPIRAL WOUND ,ASBESTOS FREE.
A18: تجهیزات لوله‌کشی تلمبه‌خانه رفسنجان | B18: 11 | C18: Check Valve | D18: CHECK VALVE FLANGED, RAISED FACE, SERRATED FINISH, CLASS 150, SWING TYPE, REGULAR PATTERN, BOLTED COVER, RENEWABLE SEAT. DESIGN CODE:ASME B16.34 BODY: C.S., ASTM A 216 GR. WCB TRIM : F6 GASKET:ASBESTOS FREE MATERIAL BOLTS & NUTS :ASTM A-197 GR.B7 & ASTM A-194 GR.2H 150# 6" Check Valve | E18: 6" | F18: NO | G18: 2 | H18: 0 | I18: 223.85 | J18: =G18*H18 -> 0 | K18: =G18*I18 -> 447.7 | L18: CHECK VALVE FLANGED, RAISED FACE, SERRATED FINISH, CLASS150, SWING TYPE, REGULAR PATTERN, BOLTED COVER, RENEWABLE SEAT. DESIGN CODE:ASME B16.34 BODY: C.S., ASTM A 216 GR. WCB TRIM : F6 GASKET:ASBESTOS FREE MATERIAL BOLTS & NUTS :ASTM A-197 GR.B7 & ASTM A-194 GR.2H
A19: تجهیزات لوله‌کشی تلمبه‌خانه رفسنجان | B19: 12 | C19: Check Valve | D19: CHECK VALVE FLANGED, RAISED FACE, SERRATED FINISH, CLASS 150, SWING TYPE, REGULAR PATTERN, BOLTED COVER, RENEWABLE SEAT. DESIGN CODE:ASME B16.34 BODY: C.S., ASTM A 216 GR. WCB TRIM : F6 GASKET:ASBESTOS FREE MATERIAL BOLTS & NUTS :ASTM A-197 GR.B7 & ASTM A-194 GR.2H 150# 12" Check Valve | E19: 12" | F19: NO | G19: 2 | H19: 0 | I19: 1767.8 | J19: =G19*H19 -> 0 | K19: =G19*I19 -> 3535.6
A20: تجهیزات لوله‌کشی تلمبه‌خانه رفسنجان | B20: 13 | C20: Check Valve | D20: CHECK VALVE FLANGED, RAISED FACE, SMOOTH FINISH, CLASS 300, SWING TYPE, REGULAR PATTERN, BOLTED COVER, RENEWABLE SEAT. DESIGN CODE:ASME B16.34 BODY: C.S., ASTM A 216 GR. WCB TRIM : F6 GASKET:ASBESTOS FREE MATERIAL 600# 14" Check Valve | E20: 14" | F20: NO | G20: 2 | H20: 0 | I20: 6185.32 | J20: =G20*H20 -> 0 | K20: =G20*I20 -> 12370.64 | L20: CHECK VALVE FLANGED, RAISED FACE, SMOOTH FINISH, CLASS 300, SWING TYPE, REGULAR PATTERN, BOLTED COVER, , RENEWABLE SEAT. DESIGN CODE:ASME B16.34 BODY: C.S., ASTM A 216 GR. WCB TRIM : F6 GASKET:ASBESTOS FREE MATERIAL BOLTS &NUTS :ASTM A-197 GR.B7 & ASTM A-194 GR.2H
A21: تجهیزات لوله‌کشی تلمبه‌خانه رفسنجان | B21: 14 | C21: Check Valve | D21: CHECK VALVE FLANGED, RAISED FACE, SMOOTH FINISH, CLASS 900, SWING TYPE, REGULAR PATTERN, BOLTED COVER, RENEWABLE SEAT. DESIGN CODE:ASME B16.34 BODY: C.S., ASTM A 216 GR. WCB TRIM : F6 GASKET:ASBESTOS FREE MATERIAL BOLTS &NUTS :ASTM A-197 GR.B7 & ASTM A-194 GR.2H 900# 14" Check Valve | E21: 14" | F21: NO | G21: 2 | H21: 0 | I21: 9292.13 | J21: =G21*H21 -> 0 | K21: =G21*I21 -> 18584.26 | L21: CHECK VALVE FLANGED, RAISED FACE, SMOOTH FINISH, CLASS 900, SWING TYPE, REGULAR PATTERN, BOLTED COVER, , RENEWABLE SEAT. DESIGN CODE:ASME B16.34 BODY: C.S., ASTM A 216 GR. WCB TRIM : F6 GASKET:ASBESTOS FREE MATERIAL BOLTS &NUTS :ASTM A-197 GR.B7 & ASTM A-194 GR.2H
A22: تجهیزات لوله‌کشی تلمبه‌خانه رفسنجان | B22: 15 | C22: Check Valve | D22: CHECK VALVE FLANGED, RTJ, SMOOTH FINISH, CLASS 1500, SWING TYPE, REGULAR PATTERN, BOLTED COVER, RENEWABLE SEAT. DESIGN CODE:ASME B16.34 BODY: C.S., ASTM A 216 GR. WCB TRIM : F6 GASKET:ASBESTOS FREE MATERIAL BOLTS &NUTS :ASTM A-197 GR.B7 & ASTM A-194 GR.2H 1500# 14" Check Valve | E22: 14" | F22: NO | G22: 4 | H22: 0 | I22: 14069.71 | J22: =G22*H22 -> 0 | K22: =G22*I22 -> 56278.84 | L22: CHECK VALVE FLANGED, RTJ, SMOOTH FINISH, CLASS 1500, SWING TYPE, REGULAR PATTERN, BOLTED COVER, , RENEWABLE SEAT. DESIGN CODE:ASME B16.34 BODY: C.S., ASTM A 216 GR. WCB TRIM : F6 GASKET:ASBESTOS FREE MATERIAL BOLTS &NUTS :ASTM A-197 GR.B7 & ASTM A-194 GR.2H
A23: تجهیزات لوله‌کشی تلمبه‌خانه رفسنجان | B23: 16 | C23: Chock Valve | D23: CHOCK VALVE RTJ, SERRATED FINISH, CLASS 1500 acc. To attachment 1500# 8" Chock Valve | E23: 8" | F23: NO | G23: 1 | H23: 0 | I23: 5371.23 | J23: =G23*H23 -> 0 | K23: =G23*I23 -> 5371.23 | L23: CHOCK VALVE FLANGED, RTJ, SERRATED FINISH, CLASS 1500 acc . To attachment 10 of contract.
A24: تجهیزات لوله‌کشی تلمبه‌خانه رفسنجان | B24: 17 | C24: Chock Valve | D24: CHOCK VALVE FLANGED, RAISED FACE, SERRATED FINISH, CLASS 150 acc. To 150# 8" Chock Valve | E24: 8" | F24: NO | G24: 1 | H24: 0 | I24: 887.32 | J24: =G24*H24 -> 0 | K24: =G24*I24 -> 887.32 | L24: CHOCK VALVE FLANGED, RAISED FACE, SERRATED FINISH, CLASS 150 acc . To attachment 10 of contract.
A25: تجهیزات لوله‌کشی تلمبه‌خانه رفسنجان | B25: 18 | C25: Ball Valve | D25: BALL VALVE FLANGED, RTJ, SERRATED FINISH, CLASS 1500. REDUCED BORE, DESIGN CODE: ASME B16.34, BOLTED BONNET, BOLTED GLAND, GEAR OPERATED, RENEWABLE SEAT, ANTI BLOWOUT STEM. BODY: C.S., ASTM A 216 GR. WCB TRIM : F6 1500# 8" Ball Valve | E25: 8" | F25: NO | G25: 1 | H25: 0 | I25: 6446.8 | J25: =G25*H25 -> 0 | K25: =G25*I25 -> 6446.8 | L25: BALL VALVE FLANGED, RTJ, SERRATED FINISH, CLASS 1500. REDUCED BORE, DESIGN CODE: ASME B16.34 , BOLTED BONNET , BOLTED GLAND, GEAR OPERATED, RENEWABLE SEAT, ANTI BLOWOUT STEM. BODY: C.S., ASTM A 216 GR. WCB TRIM : F6 PACKING :SPIRAL WOUND,ABESTOS FREE MATERIAL EQUIPPED WITH LIMIT SWITCH
A26: تجهیزات لوله‌کشی تلمبه‌خانه رفسنجان | B26: 19 | C26: Ball Valve | D26: BALL VALVE FLANGED, RTJ, SERRATED FINISH, CLASS 1500. REDUCED BORE, DESIGN CODE: ASME B16.34, BOLTED BONNET, BOLTED GLAND, GEAR OPERATED, RENEWABLE SEAT, ANTI BLOWOUT STEM. BODY: C.S., ASTM A 216 GR. WCB TRIM : F6 GASKET: SPIRAL WOUND, ASBESTOS FREE MATERIAL EQUIPPED 1500# 14" Ball Valve | E26: 14" | F26: NO | G26: 2 | H26: 0 | I26: 14819.15 | J26: =G26*H26 -> 0 | K26: =G26*I26 -> 29638.3 | L26: BALL VALVE FLANGED, RTJ , SERRATED FINISH, CLASS 1500. REDUCED BORE, DESIGN CODE: ASME B16.34 , BOLTED BONNET , BOLTED GLAND, GEAR OPERATED, RENEWABLE SEAT, ANTI BLOWOUT STEM. BODY: C.S., ASTM A 216 GR. WCB TRIM : F6 PACKING :SPIRAL WOUND,ABESTOS FREE MATERIAL EQUIPPED WITH LIMIT SWITCH
A27: تجهیزات لوله‌کشی تلمبه‌خانه رفسنجان | B27: 20 | C27: Ball Valve | D27: BALL VALVE FLANGED, RAISED FACE, SERRATED FINISH, CLASS 600. REDUCED BORE, DESIGN CODE: ASME B16.34, BOLTED BONNET, BOLTED GLAND, GEAR OPERATED, RENEWABLE SEAT, ANTI BLOWOUT STEM. BODY: C.S., ASTM A 216 GR. WCB TRIM : F6 600# 14" Ball Valve | E27: 14" | F27: NO | G27: 2 | H27: 0 | I27: 10103.79 | J27: =G27*H27 -> 0 | K27: =G27*I27 -> 20207.58 | L27: BALL VALVE FLANGED, RAISED FACE, SERRATED FINISH, CLASS 600. REDUCED BORE, DESIGN CODE: ASME B16.34 , BOLTED BONNET , BOLTED GLAND, GEAR OPERATED, RENEWABLE SEAT, ANTI BLOWOUT STEM. BODY: C.S., ASTM A 216 GR. WCB TRIM : F6 PACKING :SPIRAL WOUND,ABESTOS FREE MATERIAL EQUIPPED WITH LIMIT SWITCH
A28: تجهیزات لوله‌کشی تلمبه‌خانه رفسنجان | B28: 21 | C28: GLOBE VALVE | D28: GLOBE VALVE CLASS 1500, FLANGED RTJ, TO ASME B16.34, BOLTED BONNET, BOLTED GLAND, OS & Y, GEAR OPERATED SWIVEL PLUG TYPE DISC BODY : FCS, ASTM A 216 WCB TRIM : F6 1500# 14" GLOBE VALVE | E28: 14" | F28: NO | G28: 1 | H28: 0 | I28: 19896.18 | J28: =G28*H28 -> 0 | K28: =G28*I28 -> 19896.18 | L28: GLOBE VALVE CLASS 1500, FLANGED RTJ, TO ASME B16.34, BOLTED BONNET, BOLTED GLAND, OS & Y, GEAR OPERATED SWIVEL PLUG TYPE DISC BODY : FCS, ASTM A 216 WCB TRIM : F6 PACKING: SPIRAL WOUND ,ASBESTOS FREE
A29: تجهیزات لوله‌کشی تلمبه‌خانه رفسنجان | B29: 22 | C29: BULK | D29: Bulk Piping Equipment / بالك تجهيزات لوله‌کشی تلمبه‌خانه رفسنجان (مطابق شرح خدمات پیوست ۱۰) | E29: Bulk | F29: يكقلم | G29: 1 | H29: 0 | I29: 150000 | J29: =G29*H29 -> 0 | K29: =G29*I29 -> 150000 | L29: (مطابق شرح خدمات پیوست ۱۰)
D30: جمع کل بخش (Subtotal) | G30: =SUM(G8:G29) -> 1766 | J30: =SUM(J8:J29) -> 0 | K30: =SUM(K8:K29) -> 600867.88
D32: جدول شماره ۱-۲-۲: قیمت پیشنهادی برای خرید تجهیزات لوله‌کشی تلمبه‌خانه یزد
A33: تجهیزات لوله‌کشی تلمبه‌خانه یزد | B33: 1 | C33: Pipe | D33: SCH 100 - 8" Pipe | E33: 8" | F33: M | G33: 60 | H33: 0 | I33: 91 | J33: =G33*H33 -> 0 | K33: =G33*I33 -> 5460 | L33: PIPE HFW WELDED., API 5L GRADE B, DOUBLE RANDOM LENGTHS OF 12 M. BEVELED ENDS PER ASME B 16.25., DIMENSIONS AND TOLERANCES TO ASME B36.10, TESTING, MARKING TO API 5L AND SPECIFICTION NO. 870063-B-00-XXX-00-101-PI-0034, BEVELED END,BEVEL ENDS PER ASME B 16.25.
A34: تجهیزات لوله‌کشی تلمبه‌خانه یزد | B34: 2 | C34: Pipe | D34: SCH 30 - 8" Pipe | E34: 8" | F34: M | G34: 48 | H34: 0 | I34: 44 | J34: =G34*H34 -> 0 | K34: =G34*I34 -> 2112
A35: تجهیزات لوله‌کشی تلمبه‌خانه یزد | B35: 3 | C35: Pipe | D35: SCH 80 - 8" Pipe | E35: 8" | F35: M | G35: 24 | H35: 0 | I35: 77.5 | J35: =G35*H35 -> 0 | K35: =G35*I35 -> 1860
A36: تجهیزات لوله‌کشی تلمبه‌خانه یزد | B36: 4 | C36: Pipe | D36: SCH 30 - 12" Pipe | E36: 12" | F36: M | G36: 200 | H36: 0 | I36: 80 | J36: =G36*H36 -> 0 | K36: =G36*I36 -> 16000
A37: تجهیزات لوله‌کشی تلمبه‌خانه یزد | B37: 5 | C37: Pipe | D37: SCH STD - 14" Pipe | E37: 14" | F37: M | G37: 1600 | H37: 0 | I37: 100 | J37: =G37*H37 -> 0 | K37: =G37*I37 -> 160000
A38: تجهیزات لوله‌کشی تلمبه‌خانه یزد | B38: 6 | C38: Pipe | D38: SCH STD - 16" Pipe | E38: 16" | F38: M | G38: 36 | H38: 0 | I38: 110 | J38: =G38*H38 -> 0 | K38: =G38*I38 -> 3960
A39: تجهیزات لوله‌کشی تلمبه‌خانه یزد | B39: 7 | C39: Pipe | D39: SCH 30 - 18" Pipe | E39: 18" | F39: M | G39: 200 | H39: 0 | I39: 145 | J39: =G39*H39 -> 0 | K39: =G39*I39 -> 29000
A40: تجهیزات لوله‌کشی تلمبه‌خانه یزد | B40: 8 | C40: Pipe | D40: PIPE SUBMERGED ARC WELDED., API 5L GRADE B, DOUBLE RANDOM LENGTHS OF 12 M. BEVELED ENDS PER ASME B 16.25., DIMENSIONS AND TOLERANCES TO ASME B36.10, TESTING, MARKING TO API 5L AND SPECIFICTION NO. 870063-B-00-XXX-00-101-PI-0034, BEVELED END,BEVEL ENDS PER ASME B 16.25. SCH STD - 28" Pipe | E40: 28" | F40: M | G40: 450 | H40: 0 | I40: 220 | J40: =G40*H40 -> 0 | K40: =G40*I40 -> 99000 | L40: PIPE SUBMERGED ARC WELDED., API 5L GRADE B, DOUBLE RANDOM LENGTHS OF 12 M. BEVELED ENDS PER ASME B 16.25., DIMENSIONS AND TOLERANCES TO ASME B36.10, TESTING, MARKING TO API 5L AND SPECIFICTION NO. 870063-B-00-XXX-00-101-PI-0034, BEVELED END,BEVEL ENDS PER ASME B 16.25.
A41: تجهیزات لوله‌کشی تلمبه‌خانه یزد | B41: 9 | C41: Pipe | D41: SCH 60 - 14" Pipe | E41: 14" | F41: M | G41: 90 | H41: 0 | I41: 170 | J41: =G41*H41 -> 0 | K41: =G41*I41 -> 15300 | L41: PIPE HFW WELDED., API 5L GRADE X52, DOUBLE RANDOM LENGTHS OF 12 M. BEVELED ENDS PER ASME B 16.25., DIMENSIONS AND TOLERANCES TO ASME B36.10, TESTING, MARKING TO API 5L AND SPECIFICTION NO. 870063-B-00-XXX-00-101-PI-0034. BEVELED END,BEVEL ENDS PER ASME B 16.25.
A42: تجهیزات لوله‌کشی تلمبه‌خانه یزد | B42: 10 | C42: Pipe | D42: SCH 60 - 16" Pipe | E42: 16" | F42: M | G42: 12 | H42: 0 | I42: 192 | J42: =G42*H42 -> 0 | K42: =G42*I42 -> 2304
A43: تجهیزات لوله‌کشی تلمبه‌خانه یزد | B43: 11 | C43: Pipe | D43: SCH 80 - 12" Pipe | E43: 12" | F43: M | G43: 200 | H43: 0 | I43: 160 | J43: =G43*H43 -> 0 | K43: =G43*I43 -> 32000 | L43: PIPE HFW WELDED., API 5L GRADE X60, DOUBLE RANDOM LENGTHS OF 12 M. BEVELED ENDS PER ASME B 16.25., DIMENSIONS AND TOLERANCES TO ASME B36.10, TESTING, MARKING TO API 5L AND SPECIFICTION NO. 870063-B-00-XXX-00-101-PI-0034. BEVELED END,BEVEL ENDS PER ASME B 16.25.
A44: تجهیزات لوله‌کشی تلمبه‌خانه یزد | B44: 12 | C44: Pipe | D44: SCH 80 - 14" Pipe | E44: 14" | F44: M | G44: 600 | H44: 0 | I44: 190 | J44: =G44*H44 -> 0 | K44: =G44*I44 -> 114000
A45: تجهیزات لوله‌کشی تلمبه‌خانه یزد | B45: 13 | C45: Gate Valve | D45: GATE VALVE FLANGED, CLASS 150, 150# 6" Gate Valve | E45: 6" | F45: NO | G45: 11 | H45: 0 | I45: 550 | J45: =G45*H45 -> 0 | K45: =G45*I45 -> 6050 | L45: GATE VALVE FLANGED, CLASS 150, RAISED FACE, SERRATED FINISH, DESIGN CODE: ASME B16.34, BOLTED BONNET, BOLTED GLAND, SOLID WEDGE, OUTSIDE SCREW & YOKE, RISING STEM THROUGH HANDWHEEL, WRENCH OPERATED, RENEWABLE SEAT, ANTI BLOWOUT STEM. DIMENSIONS TO ASME B 16.10 BODY: C.S., ASTM A 216 GR. WCB TRIM : F6 PACKING: SPIRAL WOUND ,ASBESTOS FREE.
A46: تجهیزات لوله‌کشی تلمبه‌خانه یزد | B46: 14 | C46: Gate Valve | D46: GATE VALVE FLANGED, CLASS 600, 600# 14" Gate Valve | E46: 14" | F46: NO | G46: 1 | H46: 0 | I46: 7000 | J46: =G46*H46 -> 0 | K46: =G46*I46 -> 7000 | L46: GATE VALVE FLANGED, CLASS 600, RAISED FACE, SERRATED FINISH, DESIGN CODE: ASME B16.34, BOLTED BONNET, BOLTED GLAND, SOLID WEDGE, OUTSIDE SCREW & YOKE, RISING STEM THROUGH HANDWHEEL,GEAR OPERATED, RENEWABLE SEAT, ANTI BLOWOUT STEM. DIMENSIONS TO ASME B 16.10 BODY: C.S., ASTM A 216 GR. WCB TRIM : F6 PACKING: SPIRAL WOUND ,ASBESTOS FREE.
A47: تجهیزات لوله‌کشی تلمبه‌خانه یزد | B47: 15 | C47: Gate Valve | D47: GATE VALVE FLANGED, CLASS 600, 600# 16" Gate Valve | E47: 16" | F47: NO | G47: 1 | H47: 0 | I47: 14000 | J47: =G47*H47 -> 0 | K47: =G47*I47 -> 14000
A48: تجهیزات لوله‌کشی تلمبه‌خانه یزد | B48: 16 | C48: Gate Valve | D48: GATE VALVE FLANGED, CLASS 900, 900# 6" Gate Valve | E48: 6" | F48: NO | G48: 1 | H48: 0 | I48: 3900 | J48: =G48*H48 -> 0 | K48: =G48*I48 -> 3900 | L48: GATE VALVE FLANGED, CLASS 900, RAISED FACE, SERRATED FINISH, DESIGN CODE: ASME B16.34, BOLTED BONNET, BOLTED GLAND, SOLID WEDGE, OUTSIDE SCREW & YOKE, RISING STEM THROUGH HANDWHEEL, GEAR OPERATED, RENEWABLE SEAT, ANTI BLOWOUT STEM. DIMENSIONS TO ASME B 16.10 BODY: C.S., ASTM A 216 GR. WCB TRIM : F6 PACKING: SPIRAL WOUND ,ASBESTOS FREE.
A49: تجهیزات لوله‌کشی تلمبه‌خانه یزد | B49: 17 | C49: Gate Valve | D49: GATE VALVE FLANGED, CLASS 900, 900# 14" Gate Valve | E49: 14" | F49: NO | G49: 4 | H49: 0 | I49: 23000 | J49: =G49*H49 -> 0 | K49: =G49*I49 -> 92000
A50: تجهیزات لوله‌کشی تلمبه‌خانه یزد | B50: 18 | C50: Check Valve | D50: CHECK VALVE FLANGED, CLASS 150, 150# 6" Check Valve | E50: 6" | F50: NO | G50: 4 | H50: 0 | I50: 224 | J50: =G50*H50 -> 0 | K50: =G50*I50 -> 896 | L50: CHECK VALVE FLANGED, RAISED FACE, SERRATED FINISH, CLASS150, SWING TYPE, REGULAR PATTERN, BOLTED COVER, RENEWABLE SEAT. DESIGN CODE:ASME B16.34 BODY: C.S., ASTM A 216 GR. WCB TRIM : F6 GASKET:ASBESTOS FREE MATERIAL BOLTS & NUTS :ASTM A-197 GR.B7 & ASTM A-194 GR.2H
A51: تجهیزات لوله‌کشی تلمبه‌خانه یزد | B51: 19 | C51: Check Valve | D51: CHECK VALVE FLANGED, CLASS 150, 150# 12" Check Valve | E51: 12" | F51: NO | G51: 7 | H51: 0 | I51: 1700 | J51: =G51*H51 -> 0 | K51: =G51*I51 -> 11900
A52: تجهیزات لوله‌کشی تلمبه‌خانه یزد | B52: 20 | C52: Check Valve | D52: CHECK VALVE FLANGED, CLASS 150, 150# 14" Check Valve | E52: 14" | F52: NO | G52: 6 | H52: 0 | I52: 1250 | J52: =G52*H52 -> 0 | K52: =G52*I52 -> 7500
A53: تجهیزات لوله‌کشی تلمبه‌خانه یزد | B53: 21 | C53: Check Valve | D53: CHECK VALVE FLANGED, CLASS 150, 150# 18" Check Valve | E53: 18" | F53: NO | G53: 1 | H53: 0 | I53: 3600 | J53: =G53*H53 -> 0 | K53: =G53*I53 -> 3600
A54: تجهیزات لوله‌کشی تلمبه‌خانه یزد | B54: 22 | C54: Check Valve | D54: CHECK VALVE FLANGED, CLASS 150, 150# 28" Check Valve | E54: 28" | F54: NO | G54: 2 | H54: 0 | I54: 10000 | J54: =G54*H54 -> 0 | K54: =G54*I54 -> 20000
A55: تجهیزات لوله‌کشی تلمبه‌خانه یزد | B55: 23 | C55: Check Valve | D55: CHECK VALVE FLANGED, CLASS 600, 600# 12" Check Valve | E55: 12" | F55: NO | G55: 1 | H55: 0 | I55: 3000 | J55: =G55*H55 -> 0 | K55: =G55*I55 -> 3000 | L55: CHECK VALVE FLANGED, RAISED FACE, SERRATED FINISH, CLASS600, SWING TYPE, REGULAR PATTERN, BOLTED COVER, RENEWABLE SEAT. DESIGN CODE:ASME B16.34 BODY: C.S., ASTM A 216 GR. WCB TRIM : F6 GASKET:ASBESTOS FREE MATERIAL BOLTS & NUTS :ASTM A-197 GR.B7 & ASTM A-194 GR.2H
A56: تجهیزات لوله‌کشی تلمبه‌خانه یزد | B56: 24 | C56: Check Valve | D56: CHECK VALVE FLANGED, CLASS 600, 600# 14" Check Valve | E56: 14" | F56: NO | G56: 1 | H56: 0 | I56: 6500 | J56: =G56*H56 -> 0 | K56: =G56*I56 -> 6500
A57: تجهیزات لوله‌کشی تلمبه‌خانه یزد | B57: 25 | C57: Check Valve | D57: CHECK VALVE FLANGED, CLASS 900, 900# 12" Check Valve | E57: 12" | F57: NO | G57: 2 | H57: 0 | I57: 4300 | J57: =G57*H57 -> 0 | K57: =G57*I57 -> 8600 | L57: CHECK VALVE FLANGED, RAISED FACE, SMOOTH FINISH, CLASS 900, SWING TYPE, REGULAR PATTERN, BOLTED COVER, , RENEWABLE SEAT. DESIGN CODE:ASME B16.34 BODY: C.S., ASTM A 216 GR. WCB TRIM : F6 GASKET:ASBESTOS FREE MATERIAL BOLTS &NUTS :ASTM A-197 GR.B7 & ASTM A-194 GR.2H
A58: تجهیزات لوله‌کشی تلمبه‌خانه یزد | B58: 26 | C58: Check Valve | D58: CHECK VALVE FLANGED, CLASS 900, 900# 14" Check Valve | E58: 14" | F58: NO | G58: 5 | H58: 0 | I58: 7000 | J58: =G58*H58 -> 0 | K58: =G58*I58 -> 35000
A59: تجهیزات لوله‌کشی تلمبه‌خانه یزد | B59: 27 | C59: Ball Valve | D59: BALL VALVE FLANGED, CLASS 150, 150# 6" Ball Valve | E59: 6" | F59: NO | G59: 3 | H59: 0 | I59: 805 | J59: =G59*H59 -> 0 | K59: =G59*I59 -> 2415 | L59: BALL VALVE FLANGED, RAISED FACE, SERRATED FINISH, CLASS150. REDUCED BORE, TRUNNION MONTED , FIRE SAFE. SECONDARY SEAL, ANTI STATIC DEVICE,, WRENCH OPERATED. TWO PIECES DESIGN, ANTI BLOWOUT STEM, DOUBLE BLOCK & BLEED. DESIGN CODE :ASME B16.34 BODY: C.S., ASTM A 216 GR. WCB TRIM : F6 BALL & STEM : 13 % CHROME OR C.S. + 0.003" ENP SEAT & SEAL:PTFE
A60: تجهیزات لوله‌کشی تلمبه‌خانه یزد | B60: 28 | C60: Ball Valve | D60: BALL VALVE FLANGED, CLASS 150, 150# 18" Ball Valve | E60: 18" | F60: NO | G60: 1 | H60: 0 | I60: 10300 | J60: =G60*H60 -> 0 | K60: =G60*I60 -> 10300 | L60: BALL VALVE FLANGED, RAISED FACE, SERRATED FINISH, CLASS150. REDUCED BORE, TRUNNION MONTED , FIRE SAFE. SECONDARY SEAL, ANTI STATIC DEVICE,, GEAR OPERATED. TWO PIECES DESIGN, ANTI BLOWOUT STEM, DOUBLE BLOCK & BLEED. DESIGN CODE :ASME B16.34 BODY: C.S., ASTM A 216 GR. WCB TRIM : F6 BALL & STEM : 13 % CHROME OR C.S. + 0.003" ENP SEAT & SEAL:PTFE
A61: تجهیزات لوله‌کشی تلمبه‌خانه یزد | B61: 29 | C61: Ball Valve | D61: BALL VALVE FLANGED, CLASS 150, 150# 14" Ball Valve | E61: 14" | F61: NO | G61: 5 | H61: 0 | I61: 6300 | J61: =G61*H61 -> 0 | K61: =G61*I61 -> 31500
A62: تجهیزات لوله‌کشی تلمبه‌خانه یزد | B62: 30 | C62: Ball Valve | D62: BALL VALVE FLANGED, CLASS 150, 150# 28" Ball Valve | E62: 28" | F62: NO | G62: 2 | H62: 0 | I62: 18000 | J62: =G62*H62 -> 0 | K62: =G62*I62 -> 36000
A63: تجهیزات لوله‌کشی تلمبه‌خانه یزد | B63: 31 | C63: Ball Valve | D63: BALL VALVE FLANGED, CLASS 600, 600# 14" Ball Valve | E63: 14" | F63: NO | G63: 4 | H63: 0 | I63: 9300 | J63: =G63*H63 -> 0 | K63: =G63*I63 -> 37200 | L63: BALL VALVE FLANGED, RAISED FACE, SERRATED FINISH, CLASS 600. REDUCED BORE, TRUNNION MONTED , FIRE SAFE. SECONDARY SEAL, ANTI STATIC DEVICE, GEAR OPERATED. TWO PIECES DESIGN, ANTI BLOWOUT STEM, DOUBLE BLOCK & BLEED. DESIGN CODE :ASME B16.34 BODY: C.S., ASTM A 216 GR. WCB TRIM : F6 BALL & STEM : 13 % CHROME OR C.S. + 0.003" ENP SEAT & SEAL:PTFE
A64: تجهیزات لوله‌کشی تلمبه‌خانه یزد | B64: 32 | C64: Ball Valve | D64: BALL VALVE FLANGED, CLASS 900, 900# 12" Ball Valve | E64: 12" | F64: NO | G64: 2 | H64: 0 | I64: 10250 | J64: =G64*H64 -> 0 | K64: =G64*I64 -> 20500 | L64: BALL VALVE FLANGED, RAISED FACE, SERRATED FINISH, CLASS 900. REDUCED BORE, TRUNNION MONTED , FIRE SAFE. SECONDARY SEAL, ANTI STATIC DEVICE, GEAR OPERATED. TWO PIECES DESIGN, ANTI BLOWOUT STEM, DOUBLE BLOCK & BLEED. DESIGN CODE :ASME B16.34 BODY: C.S., ASTM A 216 GR. WCB TRIM : F6 BALL & STEM : 13 % CHROME OR C.S. + 0.003" ENP SEAT & SEAL:PTFE
A65: تجهیزات لوله‌کشی تلمبه‌خانه یزد | B65: 33 | C65: Ball Valve | D65: BALL VALVE FLANGED, CLASS 900, 900# 14" Ball Valve | E65: 14" | F65: NO | G65: 8 | H65: 0 | I65: 12000 | J65: =G65*H65 -> 0 | K65: =G65*I65 -> 96000
A66: تجهیزات لوله‌کشی تلمبه‌خانه یزد | B66: 34 | C66: Chock Valve | D66: CHOCK VALVE FLANGED, CLASS 900, 900# 8" Chock Valve | E66: 8" | F66: NO | G66: 1 | H66: 0 | I66: 3700 | J66: =G66*H66 -> 0 | K66: =G66*I66 -> 3700 | L66: CHOCK VALVE FLANGED, RAISED FACE, SERRATED FINISH, CLASS 900
A67: تجهیزات لوله‌کشی تلمبه‌خانه یزد | B67: 35 | C67: Chock Valve | D67: CHOCK VALVE FLANGED, CLASS 150, 150# 8" Chock Valve | E67: 8" | F67: NO | G67: 1 | H67: 0 | I67: 900 | J67: =G67*H67 -> 0 | K67: =G67*I67 -> 900 | L67: CHOCK VALVE FLANGED, RAISED FACE, SERRATED FINISH, CLASS 150
A68: تجهیزات لوله‌کشی تلمبه‌خانه یزد | B68: 36 | C68: EXPANSION JOINT | D68: EXPANSION JOINT SPOOL TYPE, 150# 14" Expansion Joint | E68: 14" | F68: NO | G68: 3 | H68: 0 | I68: 11 | J68: =G68*H68 -> 0 | K68: =G68*I68 -> 33 | L68: EXPANSION JOINT SPOOL TYPE, WITH NBR SYNTHETIC RUBBER AND CANVAS, OPEN ARC, COMPLETED WITH STEEL CABLE LAYERS (WIRES), EACH EXPANSION JOINT HAS TWO FULL FLAT FACED REINFORCED RUBBER FLANGES SUPPORTED BY STEEL BACKING PLATES AND DRILLING TO ASME B16.5 CLASS 150, WORKING PRESSURE 150 PSI AT 85 DEG. C. VENDOR SHALL SPECIFIED ALLOWABLE AXIAL AND LATERAL MOVEMENT.
A69: تجهیزات لوله‌کشی تلمبه‌خانه یزد | B69: 37 | C69: EXPANSION JOINT | D69: EXPANSION JOINT SPOOL TYPE, 150# 18" Expansion Joint | E69: 18" | F69: NO | G69: 1 | H69: 0 | I69: 16 | J69: =G69*H69 -> 0 | K69: =G69*I69 -> 16
A70: تجهیزات لوله‌کشی تلمبه‌خانه یزد | B70: 38 | C70: EXPANSION JOINT | D70: EXPANSION JOINT SPOOL TYPE, 150# 28" Expansion Joint | E70: 28" | F70: NO | G70: 2 | H70: 0 | I70: 25 | J70: =G70*H70 -> 0 | K70: =G70*I70 -> 50
A71: تجهیزات لوله‌کشی تلمبه‌خانه یزد | B71: 39 | C71: bulk | D71: Bulk Piping Equipment / بالك تجهيزات لوله‌کشی تلمبه‌خانه یزد (مطابق شرح خدمات پیوست ۱۰) | E71: Bulk | F71: يكقلم | G71: 1 | H71: 0 | I71: 2500 | J71: =G71*H71 -> 0 | K71: =G71*I71 -> 2500 | L71: (مطابق شرح خدمات پیوست ۱۰)

Sheet PIPING & VALVES جدول تفکیک قیمت
D1: پروژه احداث خط لوله ۱۶ اینچ انتقال فرآورده رفسنجان-یزد و توسعه مراکز انتقال نفت رفسنجان و یزد به روش EPC
B3: ◀ بازگشت به داشبورد
B5: به تفکیک هر قسمت پایپینک
B6: ردیف | C6: قسمت پایپینگ به تفکیک | F6: تجمعی ریال | K6: تجمعی یورویی
B7: 1 | C7: متریال PIPE | F7: =SUM(Piping!J29) -> 0 | K7: =SUM(Piping!K29) -> 753296
B8: 2 | C8: Ball Valve | F8: =SUM('Ball Valve'!J19) -> 0 | K8: =SUM('Ball Valve'!K19) -> 290207.68
B9: 3 | C9: Check Valve | F9: =SUM('Check Valve'!J23) -> 0 | K9: =SUM('Check Valve'!K23) -> 188213.04
B10: 4 | C10: Gate Valve | F10: =SUM('Gate Valve'!J16) -> 0 | K10: =SUM('Gate Valve'!K16) -> 127853.43
B11: 5 | C11: Chock Valve | F11: =SUM('Chock Valve'!J13) -> 0 | K11: =SUM('Chock Valve'!K13) -> 10858.55
B12: 6 | C12: GLOBE VALVE | F12: =SUM('GLOBE VALVE'!J10) -> 0 | K12: =SUM('GLOBE VALVE'!K10) -> 19896.18
B13: 7 | C13: EXPANSION JOINT | F13: =SUM('EXPANSION JOINT'!J12) -> 0 | K13: =SUM('EXPANSION JOINT'!K12) -> 99
B14: 8 | C14: bulk | F14: =SUM(bulk!J11) -> 0 | K14: =SUM(bulk!K11) -> 152500
B15: مجموع | F15: =SUM(F7:G14) -> 0 | K15: =SUM(K7:N14) -> 1542923.9

Sheet Piping
E1: پروژه احداث خط لوله ۱۶ اینچ انتقال فرآورده رفسنجان-یزد و توسعه مراکز انتقال نفت رفسنجان و یزد به روش EPC
E2: بخش لوله‌کشی و شیرآلات (Piping & Valves)
B3: ◀ بازگشت به داشبورد
A7: متریال PIPE
A8: ='Piping & Valves تجمعی'!A7 -> unit | B8: ='Piping & Valves تجمعی'!B7 -> ردیف (Item) | C8: ='Piping & Valves تجمعی'!C7 -> عنوان | D8: ='Piping & Valves تجمعی'!D7 -> شرح تجهیزات (Description) خلاصه | E8: ='Piping & Valves تجمعی'!E7 -> سایز (Size) | F8: ='Piping & Valves تجمعی'!F7 -> واحد (Unit) | G8: ='Piping & Valves تجمعی'!G7 -> مقدار (Qty) | H8: ='Piping & Valves تجمعی'!H7 -> بهای واحد ریالی (Unit Rial) | ... L8: ='Piping & Valves تجمعی'!L7 -> توضیحات پیمان
A9: ='Piping & Valves تجمعی'!A8 -> تجهیزات لوله‌کشی تلمبه‌خانه رفسنجان | B9: ='Piping & Valves تجمعی'!B8 -> 1 | C9: ='Piping & Valves تجمعی'!C8 -> Pipe | D9: ='Piping & Valves تجمعی'!D8 -> SCH 30 - 8" Pipe | E9: ='Piping & Valves تجمعی'!E8 -> 8" | F9: ='Piping & Valves تجمعی'!F8 -> M | G9: ='Piping & Valves تجمعی'!G8 -> 96 | H9: ='Piping & Valves تجمعی'!H8 -> 0 | ... L9: ='Piping & Valves تجمعی'!L8 -> PIPE HFW WELDED, API 5L GRADE B, DOUBLE RANDOM LENGTHS OF 12 M. BEVELED END,BEVEL ENDS PER ANSI B 16.25., DIMENSIONS AND TOLERANCES TO ASME B36.10, TESTING, MARKING TO API 5L AND SPECIFICTION NO. 870063-B-00-XXX-00-101-PI-0034. AND attachment 10 of contract.
A10: ='Piping & Valves تجمعی'!A9 -> تجهیزات لوله‌کشی تلمبه‌خانه رفسنجان | B10: ='Piping & Valves تجمعی'!B9 -> 2 | C10: ='Piping & Valves تجمعی'!C9 -> Pipe | D10: ='Piping & Valves تجمعی'!D9 -> SCH 80 - 8" Pipe | E10: ='Piping & Valves تجمعی'!E9 -> 8" | F10: ='Piping & Valves تجمعی'!F9 -> M | G10: ='Piping & Valves تجمعی'!G9 -> 72 | H10: ='Piping & Valves تجمعی'!H9 -> 0 | ... K10: ='Piping & Valves تجمعی'!K9 -> 3240
A11: ='Piping & Valves تجمعی'!A10 -> تجهیزات لوله‌کشی تلمبه‌خانه رفسنجان | B11: ='Piping & Valves تجمعی'!B10 -> 3 | C11: ='Piping & Valves تجمعی'!C10 -> Pipe | D11: ='Piping & Valves تجمعی'!D10 -> SCH 100 - 8" Pipe | E11: ='Piping & Valves تجمعی'!E10 -> 8" | F11: ='Piping & Valves تجمعی'!F10 -> M | G11: ='Piping & Valves تجمعی'!G10 -> 72 | H11: ='Piping & Valves تجمعی'!H10 -> 0 | ... K11: ='Piping & Valves تجمعی'!K10 -> 3240
A12: ='Piping & Valves تجمعی'!A11 -> تجهیزات لوله‌کشی تلمبه‌خانه رفسنجان | B12: ='Piping & Valves تجمعی'!B11 -> 4 | C12: ='Piping & Valves تجمعی'!C11 -> Pipe | D12: ='Piping & Valves تجمعی'!D11 -> SCH 30 - 12" Pipe | E12: ='Piping & Valves تجمعی'!E11 -> 12" | F12: ='Piping & Valves تجمعی'!F11 -> M | G12: ='Piping & Valves تجمعی'!G11 -> 150 | H12: ='Piping & Valves تجمعی'!H11 -> 0 | ... K12: ='Piping & Valves تجمعی'!K11 -> 9600
A13: ='Piping & Valves تجمعی'!A12 -> تجهیزات لوله‌کشی تلمبه‌خانه رفسنجان | B13: ='Piping & Valves تجمعی'!B12 -> 5 | C13: ='Piping & Valves تجمعی'!C12 -> Pipe | D13: ='Piping & Valves تجمعی'!D12 -> SCH STD - 16" Pipe | E13: ='Piping & Valves تجمعی'!E12 -> 16" | F13: ='Piping & Valves تجمعی'!F12 -> M | G13: ='Piping & Valves تجمعی'!G12 -> 500 | H13: ='Piping & Valves تجمعی'!H12 -> 0 | ... K13: ='Piping & Valves تجمعی'!K12 -> 62000
A14: ='Piping & Valves تجمعی'!A13 -> تجهیزات لوله‌کشی تلمبه‌خانه رفسنجان | B14: ='Piping & Valves تجمعی'!B13 -> 6 | C14: ='Piping & Valves تجمعی'!C13 -> Pipe | D14: ='Piping & Valves تجمعی'!D13 -> PIPE HFW WELDED, API 5L GRADE X52, DOUBLE RANDOM LENGTHS OF 12 M. BEVELED END,BEVEL ENDS PER ANSI B 16.25., DIMENSIONS AND TOLERANCES TO ASME B36.10, TESTING, MARKING TO API 5L SCH 60 - 14" Pipe | E14: ='Piping & Valves تجمعی'!E13 -> 14" | F14: ='Piping & Valves تجمعی'!F13 -> M | G14: ='Piping & Valves تجمعی'!G13 -> 300 | H14: ='Piping & Valves تجمعی'!H13 -> 0 | ... L14: ='Piping & Valves تجمعی'!L13 -> PIPE HFW WELDED, API 5L GRADE X52, DOUBLE RANDOM LENGTHS OF 12 M. BEVELED END,BEVEL ENDS PER ANSI B 16.25., DIMENSIONS AND TOLERANCES TO ASME B36.10, TESTING, MARKING TO API 5L AND SPECIFICTION NO. 870063-B-00-XXX-00-101-PI-0034.AND attachment 10 of contract.
A15: ='Piping & Valves تجمعی'!A14 -> تجهیزات لوله‌کشی تلمبه‌خانه رفسنجان | B15: ='Piping & Valves تجمعی'!B14 -> 7 | C15: ='Piping & Valves تجمعی'!C14 -> Pipe | D15: ='Piping & Valves تجمعی'!D14 -> PIPE HFW WELDED, API 5L GRADE X60, DOUBLE RANDOM LENGTHS OF 12 M. BEVELED END,BEVEL ENDS PER ANSI B 16.25., DIMENSIONS AND TOLERANCES TO ASME B36.10, TESTING, MARKING TO API 5L SCH 80 - 14" Pipe | E15: ='Piping & Valves تجمعی'!E14 -> 14" | F15: ='Piping & Valves تجمعی'!F14 -> M | G15: ='Piping & Valves تجمعی'!G14 -> 150 | H15: ='Piping & Valves تجمعی'!H14 -> 0 | ... L15: ='Piping & Valves تجمعی'!L14 -> PIPE HFW WELDED, API 5L GRADE X60, DOUBLE RANDOM LENGTHS OF 12 M. BEVELED END,BEVEL ENDS PER ANSI B 16.25., DIMENSIONS AND TOLERANCES TO ASME B36.10, TESTING, MARKING TO API 5L AND SPECIFICTION NO. 870063-B-00-XXX-00-101-PI-0034.AND attachment 10 of contract.
A16: ='Piping & Valves تجمعی'!A15 -> تجهیزات لوله‌کشی تلمبه‌خانه رفسنجان | B16: ='Piping & Valves تجمعی'!B15 -> 8 | C16: ='Piping & Valves تجمعی'!C15 -> Pipe | D16: ='Piping & Valves تجمعی'!D15 -> PIPE HFW WELDED, API 5L GRADE X60, DOUBLE RANDOM LENGTHS OF 12 M. BEVELED END,BEVEL ENDS PER ANSI B 16.25., DIMENSIONS AND TOLERANCES TO ASME B36.10, TESTING, MARKING TO API 5L 25.4 mm - 14" Pipe | E16: ='Piping & Valves تجمعی'!E15 -> 14" | F16: ='Piping & Valves تجمعی'!F15 -> M | G16: ='Piping & Valves تجمعی'!G15 -> 400 | H16: ='Piping & Valves تجمعی'!H15 -> 0 | ... L16: ='Piping & Valves تجمعی'!L15 -> PIPE HFW WELDED, API 5L GRADE X60, DOUBLE RANDOM LENGTHS OF 12 M. BEVELED END,BEVEL ENDS PER ANSI B 16.25., DIMENSIONS AND TOLERANCES TO ASME B36.10, TESTING, MARKING TO API 5L AND SPECIFICTION NO. 870063-B-00-XXX-00-101-PI-0034.AND attachment 10 of contract.
A17: ='Piping & Valves تجمعی'!A33 -> تجهیزات لوله‌کشی تلمبه‌خانه یزد | B17: ='Piping & Valves تجمعی'!B33 -> 1 | C17: ='Piping & Valves تجمعی'!C33 -> Pipe | D17: ='Piping & Valves تجمعی'!D33 -> SCH 100 - 8" Pipe | E17: ='Piping & Valves تجمعی'!E33 -> 8" | F17: ='Piping & Valves تجمعی'!F33 -> M | G17: ='Piping & Valves تجمعی'!G33 -> 60 | H17: ='Piping & Valves تجمعی'!H33 -> 0 | ... L17: ='Piping & Valves تجمعی'!L33 -> PIPE HFW WELDED., API 5L GRADE B, DOUBLE RANDOM LENGTHS OF 12 M. BEVELED ENDS PER ASME B 16.25., DIMENSIONS AND TOLERANCES TO ASME B36.10, TESTING, MARKING TO API 5L AND SPECIFICTION NO. 870063-B-00-XXX-00-101-PI-0034, BEVELED END,BEVEL ENDS PER ASME B 16.25.
A18: ='Piping & Valves تجمعی'!A34 -> تجهیزات لوله‌کشی تلمبه‌خانه یزد | B18: ='Piping & Valves تجمعی'!B34 -> 2 | C18: ='Piping & Valves تجمعی'!C34 -> Pipe | D18: ='Piping & Valves تجمعی'!D34 -> SCH 30 - 8" Pipe | E18: ='Piping & Valves تجمعی'!E34 -> 8" | F18: ='Piping & Valves تجمعی'!F34 -> M | G18: ='Piping & Valves تجمعی'!G34 -> 48 | H18: ='Piping & Valves تجمعی'!H34 -> 0 | ... K18: ='Piping & Valves تجمعی'!K34 -> 2112
A19: ='Piping & Valves تجمعی'!A35 -> تجهیزات لوله‌کشی تلمبه‌خانه یزد | B19: ='Piping & Valves تجمعی'!B35 -> 3 | C19: ='Piping & Valves تجمعی'!C35 -> Pipe | D19: ='Piping & Valves تجمعی'!D35 -> SCH 80 - 8" Pipe | E19: ='Piping & Valves تجمعی'!E35 -> 8" | F19: ='Piping & Valves تجمعی'!F35 -> M | G19: ='Piping & Valves تجمعی'!G35 -> 24 | H19: ='Piping & Valves تجمعی'!H35 -> 0 | ... K19: ='Piping & Valves تجمعی'!K35 -> 1860
A20: ='Piping & Valves تجمعی'!A36 -> تجهیزات لوله‌کشی تلمبه‌خانه یزد | B20: ='Piping & Valves تجمعی'!B36 -> 4 | C20: ='Piping & Valves تجمعی'!C36 -> Pipe | D20: ='Piping & Valves تجمعی'!D36 -> SCH 30 - 12" Pipe | E20: ='Piping & Valves تجمعی'!E36 -> 12" | F20: ='Piping & Valves تجمعی'!F36 -> M | G20: ='Piping & Valves تجمعی'!G36 -> 200 | H20: ='Piping & Valves تجمعی'!H36 -> 0 | ... K20: ='Piping & Valves تجمعی'!K36 -> 16000
A21: ='Piping & Valves تجمعی'!A37 -> تجهیزات لوله‌کشی تلمبه‌خانه یزد | B21: ='Piping & Valves تجمعی'!B37 -> 5 | C21: ='Piping & Valves تجمعی'!C37 -> Pipe | D21: ='Piping & Valves تجمعی'!D37 -> SCH STD - 14" Pipe | E21: ='Piping & Valves تجمعی'!E37 -> 14" | F21: ='Piping & Valves تجمعی'!F37 -> M | G21: ='Piping & Valves تجمعی'!G37 -> 1600 | H21: ='Piping & Valves تجمعی'!H37 -> 0 | ... K21: ='Piping & Valves تجمعی'!K37 -> 160000
A22: ='Piping & Valves تجمعی'!A38 -> تجهیزات لوله‌کشی تلمبه‌خانه یزد | B22: ='Piping & Valves تجمعی'!B38 -> 6 | C22: ='Piping & Valves تجمعی'!C38 -> Pipe | D22: ='Piping & Valves تجمعی'!D38 -> SCH STD - 16" Pipe | E22: ='Piping & Valves تجمعی'!E38 -> 16" | F22: ='Piping & Valves تجمعی'!F38 -> M | G22: ='Piping & Valves تجمعی'!G38 -> 36 | H22: ='Piping & Valves تجمعی'!H38 -> 0 | ... K22: ='Piping & Valves تجمعی'!K38 -> 3960
A23: ='Piping & Valves تجمعی'!A39 -> تجهیزات لوله‌کشی تلمبه‌خانه یزد | B23: ='Piping & Valves تجمعی'!B39 -> 7 | C23: ='Piping & Valves تجمعی'!C39 -> Pipe | D23: ='Piping & Valves تجمعی'!D39 -> SCH 30 - 18" Pipe | E23: ='Piping & Valves تجمعی'!E39 -> 18" | F23: ='Piping & Valves تجمعی'!F39 -> M | G23: ='Piping & Valves تجمعی'!G39 -> 200 | H23: ='Piping & Valves تجمعی'!H39 -> 0 | ... K23: ='Piping & Valves تجمعی'!K39 -> 29000
A24: ='Piping & Valves تجمعی'!A40 -> تجهیزات لوله‌کشی تلمبه‌خانه یزد | B24: ='Piping & Valves تجمعی'!B40 -> 8 | C24: ='Piping & Valves تجمعی'!C40 -> Pipe | D24: ='Piping & Valves تجمعی'!D40 -> PIPE SUBMERGED ARC WELDED., API 5L GRADE B, DOUBLE RANDOM LENGTHS OF 12 M. BEVELED ENDS PER ASME B 16.25., DIMENSIONS AND TOLERANCES TO ASME B36.10, TESTING, MARKING TO API 5L AND SPECIFICTION NO. 870063-B-00-XXX-00-101-PI-0034, BEVELED END,BEVEL ENDS PER ASME B 16.25. SCH STD - 28" Pipe | E24: ='Piping & Valves تجمعی'!E40 -> 28" | F24: ='Piping & Valves تجمعی'!F40 -> M | G24: ='Piping & Valves تجمعی'!G40 -> 450 | H24: ='Piping & Valves تجمعی'!H40 -> 0 | ... L24: ='Piping & Valves تجمعی'!L40 -> PIPE SUBMERGED ARC WELDED., API 5L GRADE B, DOUBLE RANDOM LENGTHS OF 12 M. BEVELED ENDS PER ASME B 16.25., DIMENSIONS AND TOLERANCES TO ASME B36.10, TESTING, MARKING TO API 5L AND SPECIFICTION NO. 870063-B-00-XXX-00-101-PI-0034, BEVELED END,BEVEL ENDS PER ASME B 16.25.
A25: ='Piping & Valves تجمعی'!A41 -> تجهیزات لوله‌کشی تلمبه‌خانه یزد | B25: ='Piping & Valves تجمعی'!B41 -> 9 | C25: ='Piping & Valves تجمعی'!C41 -> Pipe | D25: ='Piping & Valves تجمعی'!D41 -> SCH 60 - 14" Pipe | E25: ='Piping & Valves تجمعی'!E41 -> 14" | F25: ='Piping & Valves تجمعی'!F41 -> M | G25: ='Piping & Valves تجمعی'!G41 -> 90 | H25: ='Piping & Valves تجمعی'!H41 -> 0 | ... L25: ='Piping & Valves تجمعی'!L41 -> PIPE HFW WELDED., API 5L GRADE X52, DOUBLE RANDOM LENGTHS OF 12 M. BEVELED ENDS PER ASME B 16.25., DIMENSIONS AND TOLERANCES TO ASME B36.10, TESTING, MARKING TO API 5L AND SPECIFICTION NO. 870063-B-00-XXX-00-101-PI-0034. BEVELED END,BEVEL ENDS PER ASME B 16.25.
A26: ='Piping & Valves تجمعی'!A42 -> تجهیزات لوله‌کشی تلمبه‌خانه یزد | B26: ='Piping & Valves تجمعی'!B42 -> 10 | C26: ='Piping & Valves تجمعی'!C42 -> Pipe | D26: ='Piping & Valves تجمعی'!D42 -> SCH 60 - 16" Pipe | E26: ='Piping & Valves تجمعی'!E42 -> 16" | F26: ='Piping & Valves تجمعی'!F42 -> M | G26: ='Piping & Valves تجمعی'!G42 -> 12 | H26: ='Piping & Valves تجمعی'!H42 -> 0 | ... K26: ='Piping & Valves تجمعی'!K42 -> 2304
A27: ='Piping & Valves تجمعی'!A43 -> تجهیزات لوله‌کشی تلمبه‌خانه یزد | B27: ='Piping & Valves تجمعی'!B43 -> 11 | C27: ='Piping & Valves تجمعی'!C43 -> Pipe | D27: ='Piping & Valves تجمعی'!D43 -> SCH 80 - 12" Pipe | E27: ='Piping & Valves تجمعی'!E43 -> 12" | F27: ='Piping & Valves تجمعی'!F43 -> M | G27: ='Piping & Valves تجمعی'!G43 -> 200 | H27: ='Piping & Valves تجمعی'!H43 -> 0 | ... L27: ='Piping & Valves تجمعی'!L43 -> PIPE HFW WELDED., API 5L GRADE X60, DOUBLE RANDOM LENGTHS OF 12 M. BEVELED ENDS PER ASME B 16.25., DIMENSIONS AND TOLERANCES TO ASME B36.10, TESTING, MARKING TO API 5L AND SPECIFICTION NO. 870063-B-00-XXX-00-101-PI-0034. BEVELED END,BEVEL ENDS PER ASME B 16.25.
A28: ='Piping & Valves تجمعی'!A44 -> تجهیزات لوله‌کشی تلمبه‌خانه یزد | B28: ='Piping & Valves تجمعی'!B44 -> 12 | C28: ='Piping & Valves تجمعی'!C44 -> Pipe | D28: ='Piping & Valves تجمعی'!D44 -> SCH 80 - 14" Pipe | E28: ='Piping & Valves تجمعی'!E44 -> 14" | F28: ='Piping & Valves تجمعی'!F44 -> M | G28: ='Piping & Valves تجمعی'!G44 -> 600 | H28: ='Piping & Valves تجمعی'!H44 -> 0 | ... K28: ='Piping & Valves تجمعی'!K44 -> 114000
B29: جمع کل بخش (Subtotal) | J29: =SUM(J9:J28) -> 0 | K29: =SUM(K9:K28) -> 753296

Sheet Ball Valve
E1: پروژه احداث خط لوله ۱۶ اینچ انتقال فرآورده رفسنجان-یزد و توسعه مراکز انتقال نفت رفسنجان و یزد به روش EPC
E2: بخش لوله‌کشی و شیرآلات (Piping & Valves)
B3: ◀ بازگشت به داشبورد
A7: متریال Ball Valve
A8: unit | B8: ردیف (Item) | C8: عنوان | D8: شرح تجهیزات (Description) خلاصه | E8: سایز (Size) | F8: واحد (Unit) | G8: مقدار (Qty) | H8: بهای واحد ریالی (Unit Rial) | I8: بهای واحد ارزی (Unit Euro) | J8: بهای کل ریالی (Total Rial) | K8: بهای کل ارزی (Total Euro) | L8: توضیحات پیمان
A9: ='Piping & Valves تجمعی'!A25 -> تجهیزات لوله‌کشی تلمبه‌خانه رفسنجان | B9: ='Piping & Valves تجمعی'!B25 -> 18 | C9: ='Piping & Valves تجمعی'!C25 -> Ball Valve | D9: ='Piping & Valves تجمعی'!D25 -> BALL VALVE FLANGED, RTJ, SERRATED FINISH, CLASS 1500. REDUCED BORE, DESIGN CODE: ASME B16.34, BOLTED BONNET, BOLTED GLAND, GEAR OPERATED, RENEWABLE SEAT, ANTI BLOWOUT STEM. BODY: C.S., ASTM A 216 GR. WCB TRIM : F6 1500# 8" Ball Valve | E9: ='Piping & Valves تجمعی'!E25 -> 8" | F9: ='Piping & Valves تجمعی'!F25 -> NO | G9: ='Piping & Valves تجمعی'!G25 -> 1 | H9: ='Piping & Valves تجمعی'!H25 -> 0 | ... L9: ='Piping & Valves تجمعی'!L25 -> BALL VALVE FLANGED, RTJ, SERRATED FINISH, CLASS 1500. REDUCED BORE, DESIGN CODE: ASME B16.34 , BOLTED BONNET , BOLTED GLAND, GEAR OPERATED, RENEWABLE SEAT, ANTI BLOWOUT STEM. BODY: C.S., ASTM A 216 GR. WCB TRIM : F6 PACKING :SPIRAL WOUND,ABESTOS FREE MATERIAL EQUIPPED WITH LIMIT SWITCH
A10: ='Piping & Valves تجمعی'!A26 -> تجهیزات لوله‌کشی تلمبه‌خانه رفسنجان | B10: ='Piping & Valves تجمعی'!B26 -> 19 | C10: ='Piping & Valves تجمعی'!C26 -> Ball Valve | D10: ='Piping & Valves تجمعی'!D26 -> BALL VALVE FLANGED, RTJ, SERRATED FINISH, CLASS 1500. REDUCED BORE, DESIGN CODE: ASME B16.34, BOLTED BONNET, BOLTED GLAND, GEAR OPERATED, RENEWABLE SEAT, ANTI BLOWOUT STEM. BODY: C.S., ASTM A 216 GR. WCB TRIM : F6 GASKET: SPIRAL WOUND, ASBESTOS FREE MATERIAL EQUIPPED 1500# 14" Ball Valve | E10: ='Piping & Valves تجمعی'!E26 -> 14" | F10: ='Piping & Valves تجمعی'!F26 -> NO | G10: ='Piping & Valves تجمعی'!G26 -> 2 | H10: ='Piping & Valves تجمعی'!H26 -> 0 | ... L10: ='Piping & Valves تجمعی'!L26 -> BALL VALVE FLANGED, RTJ , SERRATED FINISH, CLASS 1500. REDUCED BORE, DESIGN CODE: ASME B16.34 , BOLTED BONNET , BOLTED GLAND, GEAR OPERATED, RENEWABLE SEAT, ANTI BLOWOUT STEM. BODY: C.S., ASTM A 216 GR. WCB TRIM : F6 PACKING :SPIRAL WOUND,ABESTOS FREE MATERIAL EQUIPPED WITH LIMIT SWITCH
A11: ='Piping & Valves تجمعی'!A27 -> تجهیزات لوله‌کشی تلمبه‌خانه رفسنجان | B11: ='Piping & Valves تجمعی'!B27 -> 20 | C11: ='Piping & Valves تجمعی'!C27 -> Ball Valve | D11: ='Piping & Valves تجمعی'!D27 -> BALL VALVE FLANGED, RAISED FACE, SERRATED FINISH, CLASS 600. REDUCED BORE, DESIGN CODE: ASME B16.34, BOLTED BONNET, BOLTED GLAND, GEAR OPERATED, RENEWABLE SEAT, ANTI BLOWOUT STEM. BODY: C.S., ASTM A 216 GR. WCB TRIM : F6 600# 14" Ball Valve | E11: ='Piping & Valves تجمعی'!E27 -> 14" | F11: ='Piping & Valves تجمعی'!F27 -> NO | G11: ='Piping & Valves تجمعی'!G27 -> 2 | H11: ='Piping & Valves تجمعی'!H27 -> 0 | ... L11: ='Piping & Valves تجمعی'!L27 -> BALL VALVE FLANGED, RAISED FACE, SERRATED FINISH, CLASS 600. REDUCED BORE, DESIGN CODE: ASME B16.34 , BOLTED BONNET , BOLTED GLAND, GEAR OPERATED, RENEWABLE SEAT, ANTI BLOWOUT STEM. BODY: C.S., ASTM A 216 GR. WCB TRIM : F6 PACKING :SPIRAL WOUND,ABESTOS FREE MATERIAL EQUIPPED WITH LIMIT SWITCH
A12: ='Piping & Valves تجمعی'!A59 -> تجهیزات لوله‌کشی تلمبه‌خانه یزد | B12: ='Piping & Valves تجمعی'!B59 -> 27 | C12: ='Piping & Valves تجمعی'!C59 -> Ball Valve | D12: ='Piping & Valves تجمعی'!D59 -> BALL VALVE FLANGED, CLASS 150, 150# 6" Ball Valve | E12: ='Piping & Valves تجمعی'!E59 -> 6" | F12: ='Piping & Valves تجمعی'!F59 -> NO | G12: ='Piping & Valves تجمعی'!G59 -> 3 | H12: ='Piping & Valves تجمعی'!H59 -> 0 | ... L12: ='Piping & Valves تجمعی'!L59 -> BALL VALVE FLANGED, RAISED FACE, SERRATED FINISH, CLASS150. REDUCED BORE, TRUNNION MONTED , FIRE SAFE. SECONDARY SEAL, ANTI STATIC DEVICE,, WRENCH OPERATED. TWO PIECES DESIGN, ANTI BLOWOUT STEM, DOUBLE BLOCK & BLEED. DESIGN CODE :ASME B16.34 BODY: C.S., ASTM A 216 GR. WCB TRIM : F6 BALL & STEM : 13 % CHROME OR C.S. + 0.003" ENP SEAT & SEAL:PTFE
A13: ='Piping & Valves تجمعی'!A60 -> تجهیزات لوله‌کشی تلمبه‌خانه یزد | B13: ='Piping & Valves تجمعی'!B60 -> 28 | C13: ='Piping & Valves تجمعی'!C60 -> Ball Valve | D13: ='Piping & Valves تجمعی'!D60 -> BALL VALVE FLANGED, CLASS 150, 150# 18" Ball Valve | E13: ='Piping & Valves تجمعی'!E60 -> 18" | F13: ='Piping & Valves تجمعی'!F60 -> NO | G13: ='Piping & Valves تجمعی'!G60 -> 1 | H13: ='Piping & Valves تجمعی'!H60 -> 0 | ... L13: ='Piping & Valves تجمعی'!L60 -> BALL VALVE FLANGED, RAISED FACE, SERRATED FINISH, CLASS150. REDUCED BORE, TRUNNION MONTED , FIRE SAFE. SECONDARY SEAL, ANTI STATIC DEVICE,, GEAR OPERATED. TWO PIECES DESIGN, ANTI BLOWOUT STEM, DOUBLE BLOCK & BLEED. DESIGN CODE :ASME B16.34 BODY: C.S., ASTM A 216 GR. WCB TRIM : F6 BALL & STEM : 13 % CHROME OR C.S. + 0.003" ENP SEAT & SEAL:PTFE
A14: ='Piping & Valves تجمعی'!A61 -> تجهیزات لوله‌کشی تلمبه‌خانه یزد | B14: ='Piping & Valves تجمعی'!B61 -> 29 | C14: ='Piping & Valves تجمعی'!C61 -> Ball Valve | D14: ='Piping & Valves تجمعی'!D61 -> BALL VALVE FLANGED, CLASS 150, 150# 14" Ball Valve | E14: ='Piping & Valves تجمعی'!E61 -> 14" | F14: ='Piping & Valves تجمعی'!F61 -> NO | G14: ='Piping & Valves تجمعی'!G61 -> 5 | H14: ='Piping & Valves تجمعی'!H61 -> 0 | ... K14: ='Piping & Valves تجمعی'!K61 -> 31500
A15: ='Piping & Valves تجمعی'!A62 -> تجهیزات لوله‌کشی تلمبه‌خانه یزد | B15: ='Piping & Valves تجمعی'!B62 -> 30 | C15: ='Piping & Valves تجمعی'!C62 -> Ball Valve | D15: ='Piping & Valves تجمعی'!D62 -> BALL VALVE FLANGED, CLASS 150, 150# 28" Ball Valve | E15: ='Piping & Valves تجمعی'!E62 -> 28" | F15: ='Piping & Valves تجمعی'!F62 -> NO | G15: ='Piping & Valves تجمعی'!G62 -> 2 | H15: ='Piping & Valves تجمعی'!H62 -> 0 | ... K15: ='Piping & Valves تجمعی'!K62 -> 36000
A16: ='Piping & Valves تجمعی'!A63 -> تجهیزات لوله‌کشی تلمبه‌خانه یزد | B16: ='Piping & Valves تجمعی'!B63 -> 31 | C16: ='Piping & Valves تجمعی'!C63 -> Ball Valve | D16: ='Piping & Valves تجمعی'!D63 -> BALL VALVE FLANGED, CLASS 600, 600# 14" Ball Valve | E16: ='Piping & Valves تجمعی'!E63 -> 14" | F16: ='Piping & Valves تجمعی'!F63 -> NO | G16: ='Piping & Valves تجمعی'!G63 -> 4 | H16: ='Piping & Valves تجمعی'!H63 -> 0 | ... L16: ='Piping & Valves تجمعی'!L63 -> BALL VALVE FLANGED, RAISED FACE, SERRATED FINISH, CLASS 600. REDUCED BORE, TRUNNION MONTED , FIRE SAFE. SECONDARY SEAL, ANTI STATIC DEVICE, GEAR OPERATED. TWO PIECES DESIGN, ANTI BLOWOUT STEM, DOUBLE BLOCK & BLEED. DESIGN CODE :ASME B16.34 BODY: C.S., ASTM A 216 GR. WCB TRIM : F6 BALL & STEM : 13 % CHROME OR C.S. + 0.003" ENP SEAT & SEAL:PTFE
A17: ='Piping & Valves تجمعی'!A64 -> تجهیزات لوله‌کشی تلمبه‌خانه یزد | B17: ='Piping & Valves تجمعی'!B64 -> 32 | C17: ='Piping & Valves تجمعی'!C64 -> Ball Valve | D17: ='Piping & Valves تجمعی'!D64 -> BALL VALVE FLANGED, CLASS 900, 900# 12" Ball Valve | E17: ='Piping & Valves تجمعی'!E64 -> 12" | F17: ='Piping & Valves تجمعی'!F64 -> NO | G17: ='Piping & Valves تجمعی'!G64 -> 2 | H17: ='Piping & Valves تجمعی'!H64 -> 0 | ... L17: ='Piping & Valves تجمعی'!L64 -> BALL VALVE FLANGED, RAISED FACE, SERRATED FINISH, CLASS 900. REDUCED BORE, TRUNNION MONTED , FIRE SAFE. SECONDARY SEAL, ANTI STATIC DEVICE, GEAR OPERATED. TWO PIECES DESIGN, ANTI BLOWOUT STEM, DOUBLE BLOCK & BLEED. DESIGN CODE :ASME B16.34 BODY: C.S., ASTM A 216 GR. WCB TRIM : F6 BALL & STEM : 13 % CHROME OR C.S. + 0.003" ENP SEAT & SEAL:PTFE
A18: ='Piping & Valves تجمعی'!A65 -> تجهیزات لوله‌کشی تلمبه‌خانه یزد | B18: ='Piping & Valves تجمعی'!B65 -> 33 | C18: ='Piping & Valves تجمعی'!C65 -> Ball Valve | D18: ='Piping & Valves تجمعی'!D65 -> BALL VALVE FLANGED, CLASS 900, 900# 14" Ball Valve | E18: ='Piping & Valves تجمعی'!E65 -> 14" | F18: ='Piping & Valves تجمعی'!F65 -> NO | G18: ='Piping & Valves تجمعی'!G65 -> 8 | H18: ='Piping & Valves تجمعی'!H65 -> 0 | ... K18: ='Piping & Valves تجمعی'!K65 -> 96000
B19: جمع کل بخش (Subtotal) | J19: =SUM(J9:J18) -> 0 | K19: =SUM(K9:K18) -> 290207.68

Sheet Check Valve
E1: پروژه احداث خط لوله ۱۶ اینچ انتقال فرآورده رفسنجان-یزد و توسعه مراکز انتقال نفت رفسنجان و یزد به روش EPC
E2: بخش لوله‌کشی و شیرآلات (Piping & Valves)
B3: ◀ بازگشت به داشبورد
A7: متریال Check Valve
A8: unit | B8: ردیف (Item) | C8: عنوان | D8: شرح تجهیزات (Description) خلاصه | E8: سایز (Size) | F8: واحد (Unit) | G8: مقدار (Qty) | H8: بهای واحد ریالی (Unit Rial) | I8: بهای واحد ارزی (Unit Euro) | J8: بهای کل ریالی (Total Rial) | K8: بهای کل ارزی (Total Euro) | L8: توضیحات پیمان
A9: ='Piping & Valves تجمعی'!A18 -> تجهیزات لوله‌کشی تلمبه‌خانه رفسنجان | B9: ='Piping & Valves تجمعی'!B18 -> 11 | C9: ='Piping & Valves تجمعی'!C18 -> Check Valve | D9: ='Piping & Valves تجمعی'!D18 -> CHECK VALVE FLANGED, RAISED FACE, SERRATED FINISH, CLASS 150, SWING TYPE, REGULAR PATTERN, BOLTED COVER, RENEWABLE SEAT. DESIGN CODE:ASME B16.34 BODY: C.S., ASTM A 216 GR. WCB TRIM : F6 GASKET:ASBESTOS FREE MATERIAL BOLTS & NUTS :ASTM A-197 GR.B7 & ASTM A-194 GR.2H 150# 6" Check Valve | E9: ='Piping & Valves تجمعی'!E18 -> 6" | F9: ='Piping & Valves تجمعی'!F18 -> NO | G9: ='Piping & Valves تجمعی'!G18 -> 2 | H9: ='Piping & Valves تجمعی'!H18 -> 0 | ... L9: ='Piping & Valves تجمعی'!L18 -> CHECK VALVE FLANGED, RAISED FACE, SERRATED FINISH, CLASS150, SWING TYPE, REGULAR PATTERN, BOLTED COVER, RENEWABLE SEAT. DESIGN CODE:ASME B16.34 BODY: C.S., ASTM A 216 GR. WCB TRIM : F6 GASKET:ASBESTOS FREE MATERIAL BOLTS & NUTS :ASTM A-197 GR.B7 & ASTM A-194 GR.2H
A10: ='Piping & Valves تجمعی'!A19 -> تجهیزات لوله‌کشی تلمبه‌خانه رفسنجان | B10: ='Piping & Valves تجمعی'!B19 -> 12 | C10: ='Piping & Valves تجمعی'!C19 -> Check Valve | D10: ='Piping & Valves تجمعی'!D19 -> CHECK VALVE FLANGED, RAISED FACE, SERRATED FINISH, CLASS 150, SWING TYPE, REGULAR PATTERN, BOLTED COVER, RENEWABLE SEAT. DESIGN CODE:ASME B16.34 BODY: C.S., ASTM A 216 GR. WCB TRIM : F6 GASKET:ASBESTOS FREE MATERIAL BOLTS & NUTS :ASTM A-197 GR.B7 & ASTM A-194 GR.2H 150# 12" Check Valve | E10: ='Piping & Valves تجمعی'!E19 -> 12" | F10: ='Piping & Valves تجمعی'!F19 -> NO | G10: ='Piping & Valves تجمعی'!G19 -> 2 | H10: ='Piping & Valves تجمعی'!H19 -> 0 | ... K10: ='Piping & Valves تجمعی'!K19 -> 3535.6
A11: ='Piping & Valves تجمعی'!A20 -> تجهیزات لوله‌کشی تلمبه‌خانه رفسنجان | B11: ='Piping & Valves تجمعی'!B20 -> 13 | C11: ='Piping & Valves تجمعی'!C20 -> Check Valve | D11: ='Piping & Valves تجمعی'!D20 -> CHECK VALVE FLANGED, RAISED FACE, SMOOTH FINISH, CLASS 300, SWING TYPE, REGULAR PATTERN, BOLTED COVER, RENEWABLE SEAT. DESIGN CODE:ASME B16.34 BODY: C.S., ASTM A 216 GR. WCB TRIM : F6 GASKET:ASBESTOS FREE MATERIAL 600# 14" Check Valve | E11: ='Piping & Valves تجمعی'!E20 -> 14" | F11: ='Piping & Valves تجمعی'!F20 -> NO | G11: ='Piping & Valves تجمعی'!G20 -> 2 | H11: ='Piping & Valves تجمعی'!H20 -> 0 | ... L11: ='Piping & Valves تجمعی'!L20 -> CHECK VALVE FLANGED, RAISED FACE, SMOOTH FINISH, CLASS 300, SWING TYPE, REGULAR PATTERN, BOLTED COVER, , RENEWABLE SEAT. DESIGN CODE:ASME B16.34 BODY: C.S., ASTM A 216 GR. WCB TRIM : F6 GASKET:ASBESTOS FREE MATERIAL BOLTS &NUTS :ASTM A-197 GR.B7 & ASTM A-194 GR.2H
A12: ='Piping & Valves تجمعی'!A21 -> تجهیزات لوله‌کشی تلمبه‌خانه رفسنجان | B12: ='Piping & Valves تجمعی'!B21 -> 14 | C12: ='Piping & Valves تجمعی'!C21 -> Check Valve | D12: ='Piping & Valves تجمعی'!D21 -> CHECK VALVE FLANGED, RAISED FACE, SMOOTH FINISH, CLASS 900, SWING TYPE, REGULAR PATTERN, BOLTED COVER, RENEWABLE SEAT. DESIGN CODE:ASME B16.34 BODY: C.S., ASTM A 216 GR. WCB TRIM : F6 GASKET:ASBESTOS FREE MATERIAL BOLTS &NUTS :ASTM A-197 GR.B7 & ASTM A-194 GR.2H 900# 14" Check Valve | E12: ='Piping & Valves تجمعی'!E21 -> 14" | F12: ='Piping & Valves تجمعی'!F21 -> NO | G12: ='Piping & Valves تجمعی'!G21 -> 2 | H12: ='Piping & Valves تجمعی'!H21 -> 0 | ... L12: ='Piping & Valves تجمعی'!L21 -> CHECK VALVE FLANGED, RAISED FACE, SMOOTH FINISH, CLASS 900, SWING TYPE, REGULAR PATTERN, BOLTED COVER, , RENEWABLE SEAT. DESIGN CODE:ASME B16.34 BODY: C.S., ASTM A 216 GR. WCB TRIM : F6 GASKET:ASBESTOS FREE MATERIAL BOLTS &NUTS :ASTM A-197 GR.B7 & ASTM A-194 GR.2H
A13: ='Piping & Valves تجمعی'!A22 -> تجهیزات لوله‌کشی تلمبه‌خانه رفسنجان | B13: ='Piping & Valves تجمعی'!B22 -> 15 | C13: ='Piping & Valves تجمعی'!C22 -> Check Valve | D13: ='Piping & Valves تجمعی'!D22 -> CHECK VALVE FLANGED, RTJ, SMOOTH FINISH, CLASS 1500, SWING TYPE, REGULAR PATTERN, BOLTED COVER, RENEWABLE SEAT. DESIGN CODE:ASME B16.34 BODY: C.S., ASTM A 216 GR. WCB TRIM : F6 GASKET:ASBESTOS FREE MATERIAL BOLTS &NUTS :ASTM A-197 GR.B7 & ASTM A-194 GR.2H 1500# 14" Check Valve | E13: ='Piping & Valves تجمعی'!E22 -> 14" | F13: ='Piping & Valves تجمعی'!F22 -> NO | G13: ='Piping & Valves تجمعی'!G22 -> 4 | H13: ='Piping & Valves تجمعی'!H22 -> 0 | ... L13: ='Piping & Valves تجمعی'!L22 -> CHECK VALVE FLANGED, RTJ, SMOOTH FINISH, CLASS 1500, SWING TYPE, REGULAR PATTERN, BOLTED COVER, , RENEWABLE SEAT. DESIGN CODE:ASME B16.34 BODY: C.S., ASTM A 216 GR. WCB TRIM : F6 GASKET:ASBESTOS FREE MATERIAL BOLTS &NUTS :ASTM A-197 GR.B7 & ASTM A-194 GR.2H
A14: ='Piping & Valves تجمعی'!A50 -> تجهیزات لوله‌کشی تلمبه‌خانه یزد | B14: ='Piping & Valves تجمعی'!B50 -> 18 | C14: ='Piping & Valves تجمعی'!C50 -> Check Valve | D14: ='Piping & Valves تجمعی'!D50 -> CHECK VALVE FLANGED, CLASS 150, 150# 6" Check Valve | E14: ='Piping & Valves تجمعی'!E50 -> 6" | F14: ='Piping & Valves تجمعی'!F50 -> NO | G14: ='Piping & Valves تجمعی'!G50 -> 4 | H14: ='Piping & Valves تجمعی'!H50 -> 0 | ... L14: ='Piping & Valves تجمعی'!L50 -> CHECK VALVE FLANGED, RAISED FACE, SERRATED FINISH, CLASS150, SWING TYPE, REGULAR PATTERN, BOLTED COVER, RENEWABLE SEAT. DESIGN CODE:ASME B16.34 BODY: C.S., ASTM A 216 GR. WCB TRIM : F6 GASKET:ASBESTOS FREE MATERIAL BOLTS & NUTS :ASTM A-197 GR.B7 & ASTM A-194 GR.2H
A15: ='Piping & Valves تجمعی'!A51 -> تجهیزات لوله‌کشی تلمبه‌خانه یزد | B15: ='Piping & Valves تجمعی'!B51 -> 19 | C15: ='Piping & Valves تجمعی'!C51 -> Check Valve | D15: ='Piping & Valves تجمعی'!D51 -> CHECK VALVE FLANGED, CLASS 150, 150# 12" Check Valve | E15: ='Piping & Valves تجمعی'!E51 -> 12" | F15: ='Piping & Valves تجمعی'!F51 -> NO | G15: ='Piping & Valves تجمعی'!G51 -> 7 | H15: ='Piping & Valves تجمعی'!H51 -> 0 | ... K15: ='Piping & Valves تجمعی'!K51 -> 11900
A16: ='Piping & Valves تجمعی'!A52 -> تجهیزات لوله‌کشی تلمبه‌خانه یزد | B16: ='Piping & Valves تجمعی'!B52 -> 20 | C16: ='Piping & Valves تجمعی'!C52 -> Check Valve | D16: ='Piping & Valves تجمعی'!D52 -> CHECK VALVE FLANGED, CLASS 150, 150# 14" Check Valve | E16: ='Piping & Valves تجمعی'!E52 -> 14" | F16: ='Piping & Valves تجمعی'!F52 -> NO | G16: ='Piping & Valves تجمعی'!G52 -> 6 | H16: ='Piping & Valves تجمعی'!H52 -> 0 | ... K16: ='Piping & Valves تجمعی'!K52 -> 7500
A17: ='Piping & Valves تجمعی'!A53 -> تجهیزات لوله‌کشی تلمبه‌خانه یزد | B17: ='Piping & Valves تجمعی'!B53 -> 21 | C17: ='Piping & Valves تجمعی'!C53 -> Check Valve | D17: ='Piping & Valves تجمعی'!D53 -> CHECK VALVE FLANGED, CLASS 150, 150# 18" Check Valve | E17: ='Piping & Valves تجمعی'!E53 -> 18" | F17: ='Piping & Valves تجمعی'!F53 -> NO | G17: ='Piping & Valves تجمعی'!G53 -> 1 | H17: ='Piping & Valves تجمعی'!H53 -> 0 | ... K17: ='Piping & Valves تجمعی'!K53 -> 3600
A18: ='Piping & Valves تجمعی'!A54 -> تجهیزات لوله‌کشی تلمبه‌خانه یزد | B18: ='Piping & Valves تجمعی'!B54 -> 22 | C18: ='Piping & Valves تجمعی'!C54 -> Check Valve | D18: ='Piping & Valves تجمعی'!D54 -> CHECK VALVE FLANGED, CLASS 150, 150# 28" Check Valve | E18: ='Piping & Valves تجمعی'!E54 -> 28" | F18: ='Piping & Valves تجمعی'!F54 -> NO | G18: ='Piping & Valves تجمعی'!G54 -> 2 | H18: ='Piping & Valves تجمعی'!H54 -> 0 | ... K18: ='Piping & Valves تجمعی'!K54 -> 20000
A19: ='Piping & Valves تجمعی'!A55 -> تجهیزات لوله‌کشی تلمبه‌خانه یزد | B19: ='Piping & Valves تجمعی'!B55 -> 23 | C19: ='Piping & Valves تجمعی'!C55 -> Check Valve | D19: ='Piping & Valves تجمعی'!D55 -> CHECK VALVE FLANGED, CLASS 600, 600# 12" Check Valve | E19: ='Piping & Valves تجمعی'!E55 -> 12" | F19: ='Piping & Valves تجمعی'!F55 -> NO | G19: ='Piping & Valves تجمعی'!G55 -> 1 | H19: ='Piping & Valves تجمعی'!H55 -> 0 | ... L19: ='Piping & Valves تجمعی'!L55 -> CHECK VALVE FLANGED, RAISED FACE, SERRATED FINISH, CLASS600, SWING TYPE, REGULAR PATTERN, BOLTED COVER, RENEWABLE SEAT. DESIGN CODE:ASME B16.34 BODY: C.S., ASTM A 216 GR. WCB TRIM : F6 GASKET:ASBESTOS FREE MATERIAL BOLTS & NUTS :ASTM A-197 GR.B7 & ASTM A-194 GR.2H
A20: ='Piping & Valves تجمعی'!A56 -> تجهیزات لوله‌کشی تلمبه‌خانه یزد | B20: ='Piping & Valves تجمعی'!B56 -> 24 | C20: ='Piping & Valves تجمعی'!C56 -> Check Valve | D20: ='Piping & Valves تجمعی'!D56 -> CHECK VALVE FLANGED, CLASS 600, 600# 14" Check Valve | E20: ='Piping & Valves تجمعی'!E56 -> 14" | F20: ='Piping & Valves تجمعی'!F56 -> NO | G20: ='Piping & Valves تجمعی'!G56 -> 1 | H20: ='Piping & Valves تجمعی'!H56 -> 0 | ... K20: ='Piping & Valves تجمعی'!K56 -> 6500
A21: ='Piping & Valves تجمعی'!A57 -> تجهیزات لوله‌کشی تلمبه‌خانه یزد | B21: ='Piping & Valves تجمعی'!B57 -> 25 | C21: ='Piping & Valves تجمعی'!C57 -> Check Valve | D21: ='Piping & Valves تجمعی'!D57 -> CHECK VALVE FLANGED, CLASS 900, 900# 12" Check Valve | E21: ='Piping & Valves تجمعی'!E57 -> 12" | F21: ='Piping & Valves تجمعی'!F57 -> NO | G21: ='Piping & Valves تجمعی'!G57 -> 2 | H21: ='Piping & Valves تجمعی'!H57 -> 0 | ... L21: ='Piping & Valves تجمعی'!L57 -> CHECK VALVE FLANGED, RAISED FACE, SMOOTH FINISH, CLASS 900, SWING TYPE, REGULAR PATTERN, BOLTED COVER, , RENEWABLE SEAT. DESIGN CODE:ASME B16.34 BODY: C.S., ASTM A 216 GR. WCB TRIM : F6 GASKET:ASBESTOS FREE MATERIAL BOLTS &NUTS :ASTM A-197 GR.B7 & ASTM A-194 GR.2H
A22: ='Piping & Valves تجمعی'!A58 -> تجهیزات لوله‌کشی تلمبه‌خانه یزد | B22: ='Piping & Valves تجمعی'!B58 -> 26 | C22: ='Piping & Valves تجمعی'!C58 -> Check Valve | D22: ='Piping & Valves تجمعی'!D58 -> CHECK VALVE FLANGED, CLASS 900, 900# 14" Check Valve | E22: ='Piping & Valves تجمعی'!E58 -> 14" | F22: ='Piping & Valves تجمعی'!F58 -> NO | G22: ='Piping & Valves تجمعی'!G58 -> 5 | H22: ='Piping & Valves تجمعی'!H58 -> 0 | ... K22: ='Piping & Valves تجمعی'!K58 -> 35000
B23: جمع کل بخش (Subtotal) | J23: =SUM(J9:J22) -> 0 | K23: =SUM(K9:K22) -> 188213.04

Sheet Gate Valve
E1: پروژه احداث خط لوله ۱۶ اینچ انتقال فرآورده رفسنجان-یزد و توسعه مراکز انتقال نفت رفسنجان و یزد به روش EPC
E2: بخش لوله‌کشی و شیرآلات (Piping & Valves)
B3: ◀ بازگشت به داشبورد
A7: متریال Gate Valve
A8: unit | B8: ردیف (Item) | C8: عنوان | D8: شرح تجهیزات (Description) خلاصه | E8: سایز (Size) | F8: واحد (Unit) | G8: مقدار (Qty) | H8: بهای واحد ریالی (Unit Rial) | I8: بهای واحد ارزی (Unit Euro) | J8: بهای کل ریالی (Total Rial) | K8: بهای کل ارزی (Total Euro) | L8: توضیحات پیمان
A9: ='Piping & Valves تجمعی'!A16 -> تجهیزات لوله‌کشی تلمبه‌خانه رفسنجان | B9: ='Piping & Valves تجمعی'!B16 -> 9 | C9: ='Piping & Valves تجمعی'!C16 -> Gate Valve | D9: ='Piping & Valves تجمعی'!D16 -> GATE VALVE FLANGED, CLASS 150, RAISED FACE, SERRATED FINISH, DESIGN CODE: ASME B16.34, BOLTED BONNET, BOLTED GLAND, SOLID WEDGE, OUTSIDE SCREW & YOKE, RISING STEM THROUGH HANDWHEEL, HANDWHEEL OPERATED, RENEWABLE SEAT, ANTI BLOWOUT STEM. DIMENSIONS TO ANSI B 16.10 BODY: C.S., ASTM A 216 GR. WCB 150# 6" Gate Valve | E9: ='Piping & Valves تجمعی'!E16 -> 6" | F9: ='Piping & Valves تجمعی'!F16 -> NO | G9: ='Piping & Valves تجمعی'!G16 -> 2 | H9: ='Piping & Valves تجمعی'!H16 -> 0 | ... L9: ='Piping & Valves تجمعی'!L16 -> GATE VALVE FLANGED, CLASS 150, RAISED FACE, SERRATED FINISH, DESIGN CODE: ASME B16.34, BOLTED BONNET, BOLTED GLAND, SOLID WEDGE, OUTSIDE SCREW & YOKE, RISING STEM THROUGH HANDWHEEL, HANDWHEEL OPERATED, RENEWABLE SEAT, ANTI BLOWOUT STEM. DIMENSIONS TO ANSI B 16.10 BODY: C.S., ASTM A 216 GR. WCB TRIM : F6 PACKING: SPIRAL WOUND ,ASBESTOS FREE.
A10: ='Piping & Valves تجمعی'!A17 -> تجهیزات لوله‌کشی تلمبه‌خانه رفسنجان | B10: ='Piping & Valves تجمعی'!B17 -> 10 | C10: ='Piping & Valves تجمعی'!C17 -> Gate Valve | D10: ='Piping & Valves تجمعی'!D17 -> GAT VALVE WITH POST INDICATOR FLANGED, CLASS 150, RAISED FACE, SERRATED FINISH, DESIGN CODE: ASME B16.34, BOLTED BONNET, BOLTED GLAND, SOLID WEDGE, OUTSIDE SCREW & YOKE, RISING STEM THROUGH HANDWHEEL, HANDWHEEL OPERATED, RENEWABLE SEAT, ANTI BLOWOUT STEM. DIMENSIONS TO ANSI B 16.10 BODY: C.S., ASTM A 216 GR. WCB 150# 12" Gate Valve | E10: ='Piping & Valves تجمعی'!E17 -> 12" | F10: ='Piping & Valves تجمعی'!F17 -> NO | G10: ='Piping & Valves تجمعی'!G17 -> 3 | H10: ='Piping & Valves تجمعی'!H17 -> 0 | ... L10: ='Piping & Valves تجمعی'!L17 -> GATE VALVE WITH POST INDICATOR FLANGED, CLASS 150, RAISED FACE, SERRATED FINISH, DESIGN CODE: ASME B16.34, BOLTED BONNET, BOLTED GLAND, SOLID WEDGE, OUTSIDE SCREW & YOKE, RISING STEM THROUGH HANDWHEEL, HANDWHEEL OPERATED, RENEWABLE SEAT, ANTI BLOWOUT STEM. DIMENSIONS TO ANSI B 16.10 BODY: C.S., ASTM A 216 GR. WCB TRIM : F6 PACKING: SPIRAL WOUND ,ASBESTOS FREE.
A11: ='Piping & Valves تجمعی'!A45 -> تجهیزات لوله‌کشی تلمبه‌خانه یزد | B11: ='Piping & Valves تجمعی'!B45 -> 13 | C11: ='Piping & Valves تجمعی'!C45 -> Gate Valve | D11: ='Piping & Valves تجمعی'!D45 -> GATE VALVE FLANGED, CLASS 150, 150# 6" Gate Valve | E11: ='Piping & Valves تجمعی'!E45 -> 6" | F11: ='Piping & Valves تجمعی'!F45 -> NO | G11: ='Piping & Valves تجمعی'!G45 -> 11 | H11: ='Piping & Valves تجمعی'!H45 -> 0 | ... L11: ='Piping & Valves تجمعی'!L45 -> GATE VALVE FLANGED, CLASS 150, RAISED FACE, SERRATED FINISH, DESIGN CODE: ASME B16.34, BOLTED BONNET, BOLTED GLAND, SOLID WEDGE, OUTSIDE SCREW & YOKE, RISING STEM THROUGH HANDWHEEL, WRENCH OPERATED, RENEWABLE SEAT, ANTI BLOWOUT STEM. DIMENSIONS TO ASME B 16.10 BODY: C.S., ASTM A 216 GR. WCB TRIM : F6 PACKING: SPIRAL WOUND ,ASBESTOS FREE.
A12: ='Piping & Valves تجمعی'!A46 -> تجهیزات لوله‌کشی تلمبه‌خانه یزد | B12: ='Piping & Valves تجمعی'!B46 -> 14 | C12: ='Piping & Valves تجمعی'!C46 -> Gate Valve | D12: ='Piping & Valves تجمعی'!D46 -> GATE VALVE FLANGED, CLASS 600, 600# 14" Gate Valve | E12: ='Piping & Valves تجمعی'!E46 -> 14" | F12: ='Piping & Valves تجمعی'!F46 -> NO | G12: ='Piping & Valves تجمعی'!G46 -> 1 | H12: ='Piping & Valves تجمعی'!H46 -> 0 | ... L12: ='Piping & Valves تجمعی'!L46 -> GATE VALVE FLANGED, CLASS 600, RAISED FACE, SERRATED FINISH, DESIGN CODE: ASME B16.34, BOLTED BONNET, BOLTED GLAND, SOLID WEDGE, OUTSIDE SCREW & YOKE, RISING STEM THROUGH HANDWHEEL,GEAR OPERATED, RENEWABLE SEAT, ANTI BLOWOUT STEM. DIMENSIONS TO ASME B 16.10 BODY: C.S., ASTM A 216 GR. WCB TRIM : F6 PACKING: SPIRAL WOUND ,ASBESTOS FREE.
A13: ='Piping & Valves تجمعی'!A47 -> تجهیزات لوله‌کشی تلمبه‌خانه یزد | B13: ='Piping & Valves تجمعی'!B47 -> 15 | C13: ='Piping & Valves تجمعی'!C47 -> Gate Valve | D13: ='Piping & Valves تجمعی'!D47 -> GATE VALVE FLANGED, CLASS 600, 600# 16" Gate Valve | E13: ='Piping & Valves تجمعی'!E47 -> 16" | F13: ='Piping & Valves تجمعی'!F47 -> NO | G13: ='Piping & Valves تجمعی'!G47 -> 1 | H13: ='Piping & Valves تجمعی'!H47 -> 0 | ... K13: ='Piping & Valves تجمعی'!K47 -> 14000
A14: ='Piping & Valves تجمعی'!A48 -> تجهیزات لوله‌کشی تلمبه‌خانه یزد | B14: ='Piping & Valves تجمعی'!B48 -> 16 | C14: ='Piping & Valves تجمعی'!C48 -> Gate Valve | D14: ='Piping & Valves تجمعی'!D48 -> GATE VALVE FLANGED, CLASS 900, 900# 6" Gate Valve | E14: ='Piping & Valves تجمعی'!E48 -> 6" | F14: ='Piping & Valves تجمعی'!F48 -> NO | G14: ='Piping & Valves تجمعی'!G48 -> 1 | H14: ='Piping & Valves تجمعی'!H48 -> 0 | ... L14: ='Piping & Valves تجمعی'!L48 -> GATE VALVE FLANGED, CLASS 900, RAISED FACE, SERRATED FINISH, DESIGN CODE: ASME B16.34, BOLTED BONNET, BOLTED GLAND, SOLID WEDGE, OUTSIDE SCREW & YOKE, RISING STEM THROUGH HANDWHEEL, GEAR OPERATED, RENEWABLE SEAT, ANTI BLOWOUT STEM. DIMENSIONS TO ASME B 16.10 BODY: C.S., ASTM A 216 GR. WCB TRIM : F6 PACKING: SPIRAL WOUND ,ASBESTOS FREE.
A15: ='Piping & Valves تجمعی'!A49 -> تجهیزات لوله‌کشی تلمبه‌خانه یزد | B15: ='Piping & Valves تجمعی'!B49 -> 17 | C15: ='Piping & Valves تجمعی'!C49 -> Gate Valve | D15: ='Piping & Valves تجمعی'!D49 -> GATE VALVE FLANGED, CLASS 900, 900# 14" Gate Valve | E15: ='Piping & Valves تجمعی'!E49 -> 14" | F15: ='Piping & Valves تجمعی'!F49 -> NO | G15: ='Piping & Valves تجمعی'!G49 -> 4 | H15: ='Piping & Valves تجمعی'!H49 -> 0 | ... K15: ='Piping & Valves تجمعی'!K49 -> 92000
B16: جمع کل بخش (Subtotal) | J16: =SUM(J9:J15) -> 0 | K16: =SUM(K9:K15) -> 127853.43

Sheet Chock Valve
E1: پروژه احداث خط لوله ۱۶ اینچ انتقال فرآورده رفسنجان-یزد و توسعه مراکز انتقال نفت رفسنجان و یزد به روش EPC
E2: بخش لوله‌کشی و شیرآلات (Piping & Valves)
B3: ◀ بازگشت به داشبورد
A7: متریال Chock Valve
A8: unit | B8: ردیف (Item) | C8: عنوان | D8: شرح تجهیزات (Description) خلاصه | E8: سایز (Size) | F8: واحد (Unit) | G8: مقدار (Qty) | H8: بهای واحد ریالی (Unit Rial) | I8: بهای واحد ارزی (Unit Euro) | J8: بهای کل ریالی (Total Rial) | K8: بهای کل ارزی (Total Euro) | L8: توضیحات پیمان
A9: ='Piping & Valves تجمعی'!A23 -> تجهیزات لوله‌کشی تلمبه‌خانه رفسنجان | B9: ='Piping & Valves تجمعی'!B23 -> 16 | C9: ='Piping & Valves تجمعی'!C23 -> Chock Valve | D9: ='Piping & Valves تجمعی'!D23 -> CHOCK VALVE RTJ, SERRATED FINISH, CLASS 1500 acc. To attachment 1500# 8" Chock Valve | E9: ='Piping & Valves تجمعی'!E23 -> 8" | F9: ='Piping & Valves تجمعی'!F23 -> NO | G9: ='Piping & Valves تجمعی'!G23 -> 1 | H9: ='Piping & Valves تجمعی'!H23 -> 0 | ... L9: ='Piping & Valves تجمعی'!L23 -> CHOCK VALVE FLANGED, RTJ, SERRATED FINISH, CLASS 1500 acc . To attachment 10 of contract.
A10: ='Piping & Valves تجمعی'!A24 -> تجهیزات لوله‌کشی تلمبه‌خانه رفسنجان | B10: ='Piping & Valves تجمعی'!B24 -> 17 | C10: ='Piping & Valves تجمعی'!C24 -> Chock Valve | D10: ='Piping & Valves تجمعی'!D24 -> CHOCK VALVE FLANGED, RAISED FACE, SERRATED FINISH, CLASS 150 acc. To 150# 8" Chock Valve | E10: ='Piping & Valves تجمعی'!E24 -> 8" | F10: ='Piping & Valves تجمعی'!F24 -> NO | G10: ='Piping & Valves تجمعی'!G24 -> 1 | H10: ='Piping & Valves تجمعی'!H24 -> 0 | ... L10: ='Piping & Valves تجمعی'!L24 -> CHOCK VALVE FLANGED, RAISED FACE, SERRATED FINISH, CLASS 150 acc . To attachment 10 of contract.
A11: ='Piping & Valves تجمعی'!A66 -> تجهیزات لوله‌کشی تلمبه‌خانه یزد | B11: ='Piping & Valves تجمعی'!B66 -> 34 | C11: ='Piping & Valves تجمعی'!C66 -> Chock Valve | D11: ='Piping & Valves تجمعی'!D66 -> CHOCK VALVE FLANGED, CLASS 900, 900# 8" Chock Valve | E11: ='Piping & Valves تجمعی'!E66 -> 8" | F11: ='Piping & Valves تجمعی'!F66 -> NO | G11: ='Piping & Valves تجمعی'!G66 -> 1 | H11: ='Piping & Valves تجمعی'!H66 -> 0 | ... L11: ='Piping & Valves تجمعی'!L66 -> CHOCK VALVE FLANGED, RAISED FACE, SERRATED FINISH, CLASS 900
A12: ='Piping & Valves تجمعی'!A67 -> تجهیزات لوله‌کشی تلمبه‌خانه یزد | B12: ='Piping & Valves تجمعی'!B67 -> 35 | C12: ='Piping & Valves تجمعی'!C67 -> Chock Valve | D12: ='Piping & Valves تجمعی'!D67 -> CHOCK VALVE FLANGED, CLASS 150, 150# 8" Chock Valve | E12: ='Piping & Valves تجمعی'!E67 -> 8" | F12: ='Piping & Valves تجمعی'!F67 -> NO | G12: ='Piping & Valves تجمعی'!G67 -> 1 | H12: ='Piping & Valves تجمعی'!H67 -> 0 | ... L12: ='Piping & Valves تجمعی'!L67 -> CHOCK VALVE FLANGED, RAISED FACE, SERRATED FINISH, CLASS 150
B13: جمع کل بخش (Subtotal) | J13: =SUM(J9:J12) -> 0 | K13: =SUM(K9:K12) -> 10858.55

Sheet GLOBE VALVE
E1: پروژه احداث خط لوله ۱۶ اینچ انتقال فرآورده رفسنجان-یزد و توسعه مراکز انتقال نفت رفسنجان و یزد به روش EPC
E2: بخش لوله‌کشی و شیرآلات (Piping & Valves)
B3: ◀ بازگشت به داشبورد
A7: متریال GLOBE VALVE
A8: unit | B8: ردیف (Item) | C8: عنوان | D8: شرح تجهیزات (Description) خلاصه | E8: سایز (Size) | F8: واحد (Unit) | G8: مقدار (Qty) | H8: بهای واحد ریالی (Unit Rial) | I8: بهای واحد ارزی (Unit Euro) | J8: بهای کل ریالی (Total Rial) | K8: بهای کل ارزی (Total Euro) | L8: توضیحات پیمان
A9: ='Piping & Valves تجمعی'!A28 -> تجهیزات لوله‌کشی تلمبه‌خانه رفسنجان | B9: ='Piping & Valves تجمعی'!B28 -> 21 | C9: ='Piping & Valves تجمعی'!C28 -> GLOBE VALVE | D9: ='Piping & Valves تجمعی'!D28 -> GLOBE VALVE CLASS 1500, FLANGED RTJ, TO ASME B16.34, BOLTED BONNET, BOLTED GLAND, OS & Y, GEAR OPERATED SWIVEL PLUG TYPE DISC BODY : FCS, ASTM A 216 WCB TRIM : F6 1500# 14" GLOBE VALVE | E9: ='Piping & Valves تجمعی'!E28 -> 14" | F9: ='Piping & Valves تجمعی'!F28 -> NO | G9: ='Piping & Valves تجمعی'!G28 -> 1 | H9: ='Piping & Valves تجمعی'!H28 -> 0 | ... L9: ='Piping & Valves تجمعی'!L28 -> GLOBE VALVE CLASS 1500, FLANGED RTJ, TO ASME B16.34, BOLTED BONNET, BOLTED GLAND, OS & Y, GEAR OPERATED SWIVEL PLUG TYPE DISC BODY : FCS, ASTM A 216 WCB TRIM : F6 PACKING: SPIRAL WOUND ,ASBESTOS FREE
B10: جمع کل بخش (Subtotal) | J10: =SUM(J9) -> 0 | K10: =SUM(K9) -> 19896.18

Sheet EXPANSION JOINT
E1: پروژه احداث خط لوله ۱۶ اینچ انتقال فرآورده رفسنجان-یزد و توسعه مراکز انتقال نفت رفسنجان و یزد به روش EPC
E2: بخش لوله‌کشی و شیرآلات (Piping & Valves)
B3: ◀ بازگشت به داشبورد
A7: متریال EXPANSION JOINT
A8: unit | B8: ردیف (Item) | C8: عنوان | D8: شرح تجهیزات (Description) خلاصه | E8: سایز (Size) | F8: واحد (Unit) | G8: مقدار (Qty) | H8: بهای واحد ریالی (Unit Rial) | I8: بهای واحد ارزی (Unit Euro) | J8: بهای کل ریالی (Total Rial) | K8: بهای کل ارزی (Total Euro) | L8: توضیحات پیمان
A9: ='Piping & Valves تجمعی'!A68 -> تجهیزات لوله‌کشی تلمبه‌خانه یزد | B9: ='Piping & Valves تجمعی'!B68 -> 36 | C9: ='Piping & Valves تجمعی'!C68 -> EXPANSION JOINT | D9: ='Piping & Valves تجمعی'!D68 -> EXPANSION JOINT SPOOL TYPE, 150# 14" Expansion Joint | E9: ='Piping & Valves تجمعی'!E68 -> 14" | F9: ='Piping & Valves تجمعی'!F68 -> NO | G9: ='Piping & Valves تجمعی'!G68 -> 3 | H9: ='Piping & Valves تجمعی'!H68 -> 0 | ... L9: ='Piping & Valves تجمعی'!L68 -> EXPANSION JOINT SPOOL TYPE, WITH NBR SYNTHETIC RUBBER AND CANVAS, OPEN ARC, COMPLETED WITH STEEL CABLE LAYERS (WIRES), EACH EXPANSION JOINT HAS TWO FULL FLAT FACED REINFORCED RUBBER FLANGES SUPPORTED BY STEEL BACKING PLATES AND DRILLING TO ASME B16.5 CLASS 150, WORKING PRESSURE 150 PSI AT 85 DEG. C. VENDOR SHALL SPECIFIED ALLOWABLE AXIAL AND LATERAL MOVEMENT.
A10: ='Piping & Valves تجمعی'!A69 -> تجهیزات لوله‌کشی تلمبه‌خانه یزد | B10: ='Piping & Valves تجمعی'!B69 -> 37 | C10: ='Piping & Valves تجمعی'!C69 -> EXPANSION JOINT | D10: ='Piping & Valves تجمعی'!D69 -> EXPANSION JOINT SPOOL TYPE, 150# 18" Expansion Joint | E10: ='Piping & Valves تجمعی'!E69 -> 18" | F10: ='Piping & Valves تجمعی'!F69 -> NO | G10: ='Piping & Valves تجمعی'!G69 -> 1 | H10: ='Piping & Valves تجمعی'!H69 -> 0 | ... K10: ='Piping & Valves تجمعی'!K69 -> 16
A11: ='Piping & Valves تجمعی'!A70 -> تجهیزات لوله‌کشی تلمبه‌خانه یزد | B11: ='Piping & Valves تجمعی'!B70 -> 38 | C11: ='Piping & Valves تجمعی'!C70 -> EXPANSION JOINT | D11: ='Piping & Valves تجمعی'!D70 -> EXPANSION JOINT SPOOL TYPE, 150# 28" Expansion Joint | E11: ='Piping & Valves تجمعی'!E70 -> 28" | F11: ='Piping & Valves تجمعی'!F70 -> NO | G11: ='Piping & Valves تجمعی'!G70 -> 2 | H11: ='Piping & Valves تجمعی'!H70 -> 0 | ... K11: ='Piping & Valves تجمعی'!K70 -> 50
B12: جمع کل بخش (Subtotal) | J12: =SUM(J9:J11) -> 0 | K12: =SUM(K9:K11) -> 99

Sheet bulk
E1: پروژه احداث خط لوله ۱۶ اینچ انتقال فرآورده رفسنجان-یزد و توسعه مراکز انتقال نفت رفسنجان و یزد به روش EPC
E2: بخش لوله‌کشی و شیرآلات (Piping & Valves)
B3: ◀ بازگشت به داشبورد
A7: متریال bulk
A8: unit | B8: ردیف (Item) | C8: عنوان | D8: شرح تجهیزات (Description) خلاصه | E8: سایز (Size) | F8: واحد (Unit) | G8: مقدار (Qty) | H8: بهای واحد ریالی (Unit Rial) | I8: بهای واحد ارزی (Unit Euro) | J8: بهای کل ریالی (Total Rial) | K8: بهای کل ارزی (Total Euro) | L8: توضیحات پیمان
A9: ='Piping & Valves تجمعی'!A29 -> تجهیزات لوله‌کشی تلمبه‌خانه رفسنجان | B9: ='Piping & Valves تجمعی'!B29 -> 22 | C9: ='Piping & Valves تجمعی'!C29 -> BULK | D9: ='Piping & Valves تجمعی'!D29 -> Bulk Piping Equipment / بالك تجهيزات لوله‌کشی تلمبه‌خانه رفسنجان (مطابق شرح خدمات پیوست ۱۰) | E9: ='Piping & Valves تجمعی'!E29 -> Bulk | F9: ='Piping & Valves تجمعی'!F29 -> يكقلم | G9: ='Piping & Valves تجمعی'!G29 -> 1 | H9: ='Piping & Valves تجمعی'!H29 -> 0 | ... L9: ='Piping & Valves تجمعی'!L29 -> (مطابق شرح خدمات پیوست ۱۰)
A10: ='Piping & Valves تجمعی'!A71 -> تجهیزات لوله‌کشی تلمبه‌خانه یزد | B10: ='Piping & Valves تجمعی'!B71 -> 39 | C10: ='Piping & Valves تجمعی'!C71 -> bulk | D10: ='Piping & Valves تجمعی'!D71 -> Bulk Piping Equipment / بالك تجهيزات لوله‌کشی تلمبه‌خانه یزد (مطابق شرح خدمات پیوست ۱۰) | E10: ='Piping & Valves تجمعی'!E71 -> Bulk | F10: ='Piping & Valves تجمعی'!F71 -> يكقلم | G10: ='Piping & Valves تجمعی'!G71 -> 1 | H10: ='Piping & Valves تجمعی'!H71 -> 0 | ... L10: ='Piping & Valves تجمعی'!L71 -> (مطابق شرح خدمات پیوست ۱۰)
B11: جمع کل بخش (Subtotal) | J11: =SUM(J9:J10) -> 0 | K11: =SUM(K9:K10) -> 152500

Sheet توضیحات3  (2)
B4: متریال ( Mechanical)

Sheet Mechanical
D1: پروژه احداث خط لوله ۱۶ اینچ انتقال فرآورده رفسنجان-یزد و توسعه مراکز انتقال نفت رفسنجان و یزد به روش EPC
E2: بخش تجهیزات مکانیکال (Mechanical Equipment)
B3: ◀ بازگشت به داشبورد
B5: جدول شماره ۲-۱-۲: قیمت پیشنهادی برای خرید تجهیزات مکانیکال تلمبه‌خانه رفسنجان
A7: unit | B7: ردیف (Item) | C7: عنوان | D7: شرح تجهیزات (Description) خلاصه | E7: سایز (Size) | F7: واحد (Unit) | G7: مقدار (Qty) | H7: بهای واحد ریالی (Unit Rial) | I7: بهای واحد ارزی (Unit Euro) | J7: بهای کل ریالی (Total Rial) | K7: بهای کل ارزی (Total Euro) | L7: توضیحات پیمان
A8: تجهیزات مکانیکال تلمبه‌خانه رفسنجان | B8: 1 | C8: MAIN TRANSFER PUMP ELECTRICAL MP-451 /452 /453 | D8: MAIN TRANSFER PUMP ELECTRICAL MP-451 /452 /453 Included:Pump,E-Motor,Mounting Plate,Coupling,H=83.5m,Q=838m3/h | E8: N/A | F8: No | G8: 3 | H8: 0 | I8: 10000 | J8: =G8*H8 -> 0 | K8: =G8*I8 -> 30000 | L8: بررسی ، صحه گذاری ، تکمیل ، تست و راه اندازی پمپ های اصلی انتقال فرآورده با شماره شناسایی MP-101/102/103 که توسط کافرما تامین گردیده است به منظور استفاده و بهره برداری در تاسیسات انتقال نفت رفسنجان مطابق با الزامات و نیازمندیهای شرح خدمات پیمان
A9: تجهیزات مکانیکال تلمبه‌خانه رفسنجان | B9: 2 | C9: MAIN BOOSTER PUMP BP-451 A/B/C | D9: MAIN BOOSTER PUMP BP-451 A/B/C Included:Pump,E-Motor,Mounting Plate,Coupling,H=83.5m,Q=838m3/h | E9: N/A | F9: No | G9: 2 | H9: 0 | I9: 108260 | J9: =G9*H9 -> 0 | K9: =G9*I9 -> 216520 | L9: Included:Pump,E-Motor,Mounting Plate,Coupling,H=83.5m,Q=838m3/h Accordance with project Documents and Attachment 10 of Contract
A10: تجهیزات مکانیکال تلمبه‌خانه رفسنجان | B10: 3 | C10: Pig Launcher Trap S-432 | D10: 16"x20" Pig Launcher Trap (S-432), Class 900#, API 5L X60 With Loading, Unloading, Jib Crane, Handling Units, automatic door TDS And Their Accessories | E10: 16"x20" | F10: No | G10: 1 | H10: 0 | I10: 13900 | J10: =G10*H10 -> 0 | K10: =G10*I10 -> 13900 | L10: 16”x20” Pig Launcher Trap (S-432), Class 900#, API 5L X60 With Loading, Unloading, Jib Crane, Handling Units, automatic door TDS And Their Accessories Accordance with project Documents and Attachment 10 of Contract
A11: تجهیزات مکانیکال تلمبه‌خانه رفسنجان | B11: 4 | C11: Corrosion Inhibitor Package PK-451 | D11: CORROSION INHIBITOR PACKAGE | E11: N/A | F11: No | G11: 1 | H11: 0 | I11: 85000 | J11: =G11*H11 -> 0 | K11: =G11*I11 -> 85000 | L11: CORROSION INHIBITOR PACKAGE Accordance with project Documents and Attachment 10 of Contract
A12: تجهیزات مکانیکال تلمبه‌خانه رفسنجان | B12: 5 | C12: Overhead Manual Crane CR-451 A/B/C | D12: Overhead Manual Crane CR-451 A/B/C, 15 Ton | E12: 15 Ton | F12: No | G12: 3 | H12: 0 | I12: 25000 | J12: =G12*H12 -> 0 | K12: =G12*I12 -> 75000 | L12: Overhead Crane, 15 Ton Accordance with project Documents and Attachment 10 of Contract
A13: تجهیزات مکانیکال تلمبه‌خانه رفسنجان | B13: 6 | C13: Overhead Manual Crane | D13: Overhead Manual Crane for Workshop, 5 Ton | E13: 5 Ton | F13: No | G13: 1 | H13: 0 | I13: 25000 | J13: =G13*H13 -> 0 | K13: =G13*I13 -> 25000 | L13: Overhead Crane, 5 Ton Accordance with project Documents and Attachment 10 of Contract For Workshop
A14: تجهیزات مکانیکال تلمبه‌خانه رفسنجان | B14: 7 | C14: Crane | D14: Jib Crane, 1 Ton | E14: 1 Ton | F14: No | G14: 1 | H14: 0 | I14: 25000 | J14: =G14*H14 -> 0 | K14: =G14*I14 -> 25000 | L14: Jib Crane, 1 Ton Accordance with project Documents and Attachment 10 of Contract
A15: تجهیزات مکانیکال تلمبه‌خانه رفسنجان | B15: 8 | C15: Main Strainer ST-451A/B | D15: Main Strainer ST-451A/B 600# | E15: 600# | F15: No | G15: 2 | H15: 0 | I15: 27100 | J15: =G15*H15 -> 0 | K15: =G15*I15 -> 54200 | L15: 600# ,ACCORDING TO DATA SHEET NO. 870063-B-02-STR-00-105-ME-0204 and Attachment 10 of Contract
A16: تجهیزات مکانیکال تلمبه‌خانه رفسنجان | B16: 9 | C16: bulk | D16: Bulk Mechanical Equipment / بالك تجهيزات مكانيك تلمبه‌خانه رفسنجان (مطابق شرح خدمات پیوست ۱۰) | E16: Bulk | F16: یکقلم | G16: 1 | H16: 0 | I16: 3192.6 | J16: =G16*H16 -> 0 | K16: =G16*I16 -> 3192.6 | L16: (مطابق شرح خدمات پیوست ۱۰)
B17: جمع کل بخش (Subtotal) | G17: =SUM(G8:G16) -> 15 | J17: =SUM(J8:J16) -> 0 | K17: =SUM(K8:K16) -> 527812.6
B21: جدول شماره ۲-۲-۲: قیمت پیشنهادی برای خرید تجهیزات مکانیکال تلمبه‌خانه یزد
A23: unit | B23: ردیف (Item) | C23: عنوان | D23: شرح تجهیزات (Description) خلاصه | E23: سایز (Size) | F23: واحد (Unit) | G23: مقدار (Qty) | H23: بهای واحد ریالی (Unit Rial) | I23: بهای واحد ارزی (Unit Euro) | J23: بهای کل ریالی (Total Rial) | K23: بهای کل ارزی (Total Euro) | L23: توضیحات پیمان
A24: تجهیزات مکانیکال تلمبه‌خانه یزد | B24: 1 | C24: MAIN TRANSFER PUMP DIESEL MP-554 | D24: MAIN TRANSFER PUMP DIESEL MP-554 H=490m,Q=633m3/h | E24: N/A | F24: No | G24: 1 | H24: 0 | I24: 400000 | J24: =G24*H24 -> 0 | K24: =G24*I24 -> 400000 | L24: Included:Pump,Diesel,Daily Fuel Tank,Mounting Plate,Coupling,H=490m,Q=633m3/h Accordance with project Documents and Attachment 10 of Contract
A25: تجهیزات مکانیکال تلمبه‌خانه یزد | B25: 2 | C25: MAIN TRANSFER PUMP ELECTRICAL MP-551 /552 /553 | D25: MAIN TRANSFER PUMP ELECTRICAL MP-551/552/553 (Testing/Commissioning by Contractor) | E25: N/A | F25: No | G25: 3 | H25: 0 | I25: 10000 | J25: =G25*H25 -> 0 | K25: =G25*I25 -> 30000 | L25: بررسی ، صحه گذاری ، تکمیل ، تست و راه اندازی پمپ های اصلی انتقال فرآورده با شماره شناسایی MP-201/202/203 که توسط کافرما تامین گردیده است به منظور استفاده و بهره برداری در تاسیسات انتقال نفت یزد مطابق با الزامات و نیازمندیهای شرح خدمات پیمان
A26: تجهیزات مکانیکال تلمبه‌خانه یزد | B26: 3 | C26: MAIN BOOSTER PUMP BP-551 A/B/C | D26: MAIN BOOSTER PUMP BP-551 A/B/C H=100m,Q=633m3/h | E26: N/A | F26: No | G26: 3 | H26: 0 | I26: 116000 | J26: =G26*H26 -> 0 | K26: =G26*I26 -> 348000 | L26: Included:Pump,E-Motor,Mounting Plate,Coupling,H=100m,Q=633m3/h Accordance with project Documents and Attachment 10 of Contract
A27: تجهیزات مکانیکال تلمبه‌خانه یزد | B27: 4 | C27: RE-INJECTION PUMP P-551 A/B | D27: RE-INJECTION PUMP P-551 A/B H=92m,Q=33m3/h | E27: N/A | F27: No | G27: 2 | H27: 0 | I27: 20000 | J27: =G27*H27 -> 0 | K27: =G27*I27 -> 40000 | L27: Included:Pump,E-Motor,Mounting Plate,Coupling,H=92m,Q=33m3/h Accordance with project Documents and Attachment 10 of Contract
A28: تجهیزات مکانیکال تلمبه‌خانه یزد | B28: 5 | C28: CLOSE DRAIN PUMP P-552 | D28: CLOSE DRAIN PUMP P-552 H=22m,Q=22m3/h | E28: N/A | F28: No | G28: 1 | H28: 0 | I28: 30000 | J28: =G28*H28 -> 0 | K28: =G28*I28 -> 30000 | L28: Included:Pump,E-Motor,Mounting Plate,Coupling,H=22m,Q=22m3/h Accordance with project Documents and Attachment 10 of Contract
A29: تجهیزات مکانیکال تلمبه‌خانه یزد | B29: 6 | C29: DIRTY DRAIN PUMP P-553 | D29: DIRTY DRAIN PUMP P-553 H=14.3m,Q=22m3/h | E29: N/A | F29: No | G29: 1 | H29: 0 | I29: 3000 | J29: =G29*H29 -> 0 | K29: =G29*I29 -> 3000 | L29: Included:Pump,E-Motor,Mounting Plate,Coupling,H=14.3m,Q=22m3/h Accordance with project Documents and Attachment 10 of Contract
A30: تجهیزات مکانیکال تلمبه‌خانه یزد | B30: 7 | C30: FUEL PUMP P-560 | D30: FUEL PUMP P-560 H=9m,Q=5.5m3/h | E30: N/A | F30: No | G30: 1 | H30: 0 | I30: 22000 | J30: =G30*H30 -> 0 | K30: =G30*I30 -> 22000 | L30: Included:Pump,E-Motor,Mounting Plate,Coupling,H=9m,Q=5.5m3/h Accordance with project Documents and Attachment 10 of Contract
A31: تجهیزات مکانیکال تلمبه‌خانه یزد | B31: 8 | C31: Corrosion Inhibitor Package PK-551 | D31: CORROSION INHIBITOR PACKAGE PK-551 | E31: N/A | F31: No | G31: 1 | H31: 0 | I31: 85000 | J31: =G31*H31 -> 0 | K31: =G31*I31 -> 85000 | L31: CORROSION INHIBITOR PACKAGE Accordance with project Documents and Attachment 10 of Contract
A32: تجهیزات مکانیکال تلمبه‌خانه یزد | B32: 9 | C32: Overhead Manual Crane CR-551 A | D32: Overhead Manual Crane CR-551 A, 15 Ton | E32: 15 Ton | F32: No | G32: 1 | H32: 0 | I32: 25000 | J32: =G32*H32 -> 0 | K32: =G32*I32 -> 25000 | L32: Overhead Crane, 15 Ton Accordance with project Documents and Attachment 10 of Contract
A33: تجهیزات مکانیکال تلمبه‌خانه یزد | B33: 10 | C33: Crane | D33: Jib Crane, 1 Ton | E33: 1 Ton | F33: No | G33: 3 | H33: 0 | I33: 25000 | J33: =G33*H33 -> 0 | K33: =G33*I33 -> 75000 | L33: Jib Crane, 1 Ton Accordance with project Documents and Attachment 10 of Contract
A34: تجهیزات مکانیکال تلمبه‌خانه یزد | B34: 11 | C34: DRAIN TANK TK-551 | D34: DRAIN TANK TK-551 CAPACITY = 20 m3 | E34: 20 m3 | F34: No | G34: 1 | H34: 19000000000 | I34: 0 | J34: =G34*H34 -> 19000000000 | K34: =G34*I34 -> 0 | L34: HORIZENTAL IN PIT / BURRIED TANK CAPACITY = 20 m3 Accordance with project Documents and Attachment 10 of Contract
A35: تجهیزات مکانیکال تلمبه‌خانه یزد | B35: 12 | C35: DIRTY DRAIN TANK TK-552 | D35: DIRTY DRAIN TANK TK-552 CAPACITY = 20 m3 | E35: 20 m3 | F35: No | G35: 1 | H35: 18980000000 | I35: 0 | J35: =G35*H35 -> 18980000000 | K35: =G35*I35 -> 0 | L35: HORIZENTAL IN PIT / BURRIED TANK CAPACITY = 20 m3 Accordance with project Documents and Attachment 10 of Contract
... A38: تجهیزات مکانیکال تلمبه‌خانه یزد | B38: 15 | C38: Main Strainer | D38: MAIN STRAINER 900# (STR 551/552 A/B) | E38: 900# | F38: No | G38: 4 | H38: 0 | I38: 30000 | J38: =G38*H38 -> 0 | K38: =G38*I38 -> 120000 | L38: MAIN STRAINER 900# ( STR 551/552 A/B) ACCORDING TO DATA SHEET NO. 870063-B-02-STR-00-105-ME-0204. Accordance with project Documents and Attachment 10 of Contract
A39: تجهیزات مکانیکال تلمبه‌خانه یزد | B39: 16 | D39: MAIN STRAINER 600# (STR 553 A/B) | E39: 600# | F39: No | G39: 2 | H39: 0 | I39: 27100 | J39: =G39*H39 -> 0 | K39: =G39*I39 -> 54200 | L39: MAIN STRAINER 600# ( STR 553 A/B) ACCORDING TO DATA SHEET NO. 870063-B-02-STR-00-105-ME-0204. Accordance with project Documents and Attachment 10 of Contract
A40: تجهیزات مکانیکال تلمبه‌خانه یزد | B40: 17 | C40: MODIFICATION OF EXISTING STORAGE TANKS TK-1501,1502,1503,503 | D40: MODIFICATION OF EXISTING STORAGE TANKS TK-1501,1502,1503,503 | E40: N/A | F40: مقطوع | G40: 1 | H40: 32600000000 | I40: 0 | J40: =G40*H40 -> 32600000000 | K40: =G40*I40 -> 0 | L40: Accordance with project Documents and Attachment 10 of Contract
A41: تجهیزات مکانیکال تلمبه‌خانه یزد | B41: 18 | C41: bulk | D41: Bulk Mechanical Equipment / بالك تجهيزات مكانیک یزد (مطابق شرح خدمات پیوست ۱۰) | E41: Bulk | F41: بکقلم | G41: 1 | H41: 5000000000 | I41: 0 | J41: =G41*H41 -> 5000000000 | K41: =G41*I41 -> 0 | L41: (مطابق شرح خدمات پیوست ۱۰)
B42: جمع کل بخش (Subtotal) | G42: =SUM(G24:G41) -> 29 | J42: =SUM(J24:J41) -> 98180000000 | K42: =SUM(K24:K41) -> 1246100
B46: جدول شماره ۲-۳-۱: قیمت پیشنهادی برای خرید اتصالات، شیرآلات و تجهیزات مکانیکال خط لوله ۱۶ اینچ رفسنجان-یزد
A48: unit | B48: ردیف (Item) | C48: عنوان | D48: شرح تجهیزات (Description) خلاصه | E48: سایز (Size) | F48: واحد (Unit) | G48: مقدار (Qty) | H48: بهای واحد ریالی (Unit Rial) | I48: بهای واحد ارزی (Unit Euro) | J48: بهای کل ریالی (Total Rial) | K48: بهای کل ارزی (Total Euro) | L48: توضیحات پیمان
A49: تجهیزات مکانیکال خط لوله ۱۶ اینچ رفسنجان-یزد | B49: 1 | C49: HOT BEND | D49: HOT BEND 16" API 5L GR.X60, HFW, BE PER ASME B16.25, RADIUS: 7D, 45 DEG, WT 0.5" | E49: 16" | F49: No. | G49: 4 | H49: 1500000000 | I49: 0 | J49: =G49*H49 -> 6000000000 | K49: =G49*I49 -> 0 | L49: API 5L GR.X60, HFW, BE PER ASME B16.25, PER ASME B36.10, RADIUS OF CURVATURE:7D, BEND ANGLE:45° ACCORDING TO ASME B16.49
A50: تجهیزات مکانیکال خط لوله ۱۶ اینچ رفسنجان-یزد | B50: 2 | C50: HOT BEND | D50: HOT BEND 16" API 5L GR.X60, HFW, BE PER ASME B16.25, RADIUS: 7D, 45 DEG, WT 0.438" | E50: 16" | F50: No. | G50: 4 | H50: 1200000000 | I50: 0 | J50: =G50*H50 -> 4800000000 | K50: =G50*I50 -> 0 | L50: API 5L GR.X60, HFW, BE PER ASME B16.25, PER ASME B36.10, RADIUS OF CURVATURE:7D, BEND ANGLE:45° ACCORDING TO ASME B16.49
A51: تجهیزات مکانیکال خط لوله ۱۶ اینچ رفسنجان-یزد | B51: 3 | C51: HOT BEND | D51: HOT BEND 16" API 5L GR.X60, HFW, BE PER ASME B16.25, RADIUS: 7D, 45 DEG, WT 0.344" | E51: 16" | F51: No. | G51: 4 | H51: 950000000 | I51: 0 | J51: =G51*H51 -> 3800000000 | K51: =G51*I51 -> 0 | L51: API 5L GR.X60, HFW, BE PER ASME B16.25, PER ASME B36.10, RADIUS OF CURVATURE:7D, BEND ANGLE:45° ACCORDING TO ASME B16.49
A52: تجهیزات مکانیکال خط لوله ۱۶ اینچ رفسنجان-یزد | B52: 4 | C52: CHECK VALVE | D52: 900# 16" SWING CHECK VALVE, BW, PUP PIECES, API 6D WITH SPEED CONTROL | E52: 16" | F52: No. | G52: 1 | H52: 0 | I52: 12300 | J52: =G52*H52 -> 0 | K52: =G52*I52 -> 12300 | L52: THROUGH CONDUIT SWING CHECK VALVE, ASTM A216 WCB/A105, TRIM:13% Cr/STL6, BW, PUP PIECES, API 6D WHIT SPEED CONTROL ACCO. TO ATTACHMENT 18 CONTRACT
A53: تجهیزات مکانیکال خط لوله ۱۶ اینچ رفسنجان-یزد | B53: 5 | C53: GATE VALVE | D53: GATE VALVE 16" 900# (LBV), THROUGH CONDUIT, EXTENDED STEM, BB, BG, OS&Y, GAS OVER OIL ACTUATOR POWERED BY NITROGEN BOTTLES | E53: 16" | F53: No. | G53: 1 | H53: 0 | I53: 5200 | J53: =G53*H53 -> 0 | K53: =G53*I53 -> 5200 | L53: THROUGH CONDUIT, EXTENDED STEM, BB, BG, OS&Y, ASTM A216 WCB/A105/A516GR.70, TRIM: 13%Cr/STL, BW, PUP PIECES, WITH LOCKING DEVICES, API 6D - ACTUATOR: GAS OVER OIL ACTUATOR POWERED BY NITROGEN BOTTLES ACCORDING TO NIOEC-SP-70-18(3) (TYPE A). - NITROGEN STORAGE TANK, ASME VIII, DIV.II W/ACCESSORIES (VOLUME TANK SHALL BE SIZED FOR 3 VALVE STROKES) -LOCAL CONTROL PANEL: 316 SS,IP65 - LINE BREAK DETECTION TYPE: ELECTRONIC TYPE W/ PRESSURE TRANSMITTER (IP65, EeXD, IIB,T4)
A54: تجهیزات مکانیکال خط لوله ۱۶ اینچ رفسنجان-یزد | B54: 5.1 | C54: LBV | D54: INTEGRATED SOLAR PANEL W/BATTERY BACK-UP CAPABLE OF 5 DAYS AUTONOMY FOR LBV | E54: N/A | F54: No. | G54: 1 | H54: 0 | I54: 49000 | J54: =G54*H54 -> 0 | K54: =G54*I54 -> 49000 | L54: - INTEGRATED SOLAR PANEL W/BATTERY BACK-UP CAPABLE OF 5 DAYS AUTONOMY - FUNCTION( LOCAL): REQUIRED(OPEN/CLOSE) - POWER/SIGNAL FAILURE : LAST POSITION WITH POSITION MONITORING VIA FIBER OPTIC CABLE - HAND PUMP : REQUIRED -SOLENIOD OPERATED VALVES : 1NO.S ,2 WAY 3 POSITION (IP65,EEXD,IIB,T4,316SS,Max.10W) -PROXIMITY SWITCHS: 2 NO.S (IP65,EEXD,IIB,T4) -3D LOCAL POSITION INDICATOR
A55: تجهیزات مکانیکال خط لوله ۱۶ اینچ رفسنجان-یزد | B55: 6 | C55: BLOCK VALVE | D55: 900# 16" BLOCK VALVE, BW, PUP PIECES, GEAR OP. WITH CONNECTION TO HYDRAULIC POWER PACKAGE | E55: 16" | F55: No. | G55: 7 | H55: 0 | I55: 2360 | J55: =G55*H55 -> 0 | K55: =G55*I55 -> 16520 | L55: THROUGH CONDUIT, EXTENDED STEM, BB, BG, OS&Y, ASTM A216 WCB/A105/A516GR.70, TRIM: 13%Cr/STL6, BW , PUP PIECES, GEAR OP., WITH LOCKING DEVICES, WITH CONNECTIONS AND FACILITIES FOR CONNECTING TO HYDRAULIC POWER PACKAGE ACCORDING TO ATTACHMENT 18 OF CONTRACT, API 6D
A56: تجهیزات مکانیکال خط لوله ۱۶ اینچ رفسنجان-یزد | B56: 7 | C56: ANCHOR FLANGE | D56: ANCHOR FLANGE 16" 900#, ASTM 694 F60, PUP PIECES | E56: 16" | F56: No. | G56: 2 | H56: 4500000000 | I56: 0 | J56: =G56*H56 -> 9000000000 | K56: =G56*I56 -> 0 | L56: ASTM 694 F60, PUP PIECES, ACCORDING TO ATTACHMENT 18 OF CONTRACT
A57: تجهیزات مکانیکال خط لوله ۱۶ اینچ رفسنجان-یزد | B57: 8 | C57: INSULATING JOINT | D57: INSULATING JOINT 16" 900#, ASTM 694 F60, PUP PIECES | E57: 16" | F57: No. | G57: 2 | H57: 0 | I57: 12300 | J57: =G57*H57 -> 0 | K57: =G57*I57 -> 24600 | L57: ASTM 694 F60, PUP PIECES, ACCORDING TO ATTACHMENT 10&18 OF CONTRACT, IPS-M- TP-750/8-900#
A58: تجهیزات مکانیکال خط لوله ۱۶ اینچ رفسنجان-یزد | B58: 9 | C58: POWER PACK UNIT | D58: POWER PACK UNIT: DRIVING ENGINE 4-STROKE AIR COOLED GASOLINE TYPE, HYDRAULIC PUMP GEAR TYPE | E58: N/A | F58: No. | G58: 2 | H58: 0 | I58: 80000 | J58: =G58*H58 -> 0 | K58: =G58*I58 -> 160000 | L58: DRIVING ENGINE 4-SRTOKE AIR COOLED GASOLINE TYPE, HYDRAULIC PUMP GEAR TYPE, ACCORDING TO ATTACHMENT 10&18 OF CONTRACT
A59: تجهیزات مکانیکال خط لوله ۱۶ اینچ رفسنجان-یزد | B59: 10 | C59: FIELD WELD JOINT COATING | D59: FIELD WELD JOINT COATING: TWO-LAYER FBE SYSTEM OR SOLVENT FREE LIQUID EPOXY | E59: N/A | F59: No. | G59: 20000 | H59: 0 | I59: 10 | J59: =G59*H59 -> 0 | K59: =G59*I59 -> 200000 | L59: TWO-LAYER FBE system 2A acc. To CSA Z 245 AND IGS-M-TP-026 OR TWO COMPONENT SOLVENT FREE LIQUID EPOXY , ACCORDING TO ATTACHMENT 10&18
A60: تجهیزات مکانیکال خط لوله ۱۶ اینچ رفسنجان-یزد | B60: 11 | C60: CASING PIPE | D60: CASING PIPE 20" AS PER API 1102 | E60: 20" | F60: M | G60: 600 | H60: 0 | I60: 160 | J60: =G60*H60 -> 0 | K60: =G60*I60 -> 96000 | L60: AS PER API 1102
A61: تجهیزات مکانیکال خط لوله ۱۶ اینچ رفسنجان-یزد | B61: 12 | C61: BULK | D61: Bulk Piping & Mechanical Equipment / بالك لوله‌کشی و تجهیزات مکانیکال خط لوله (مطابق شرح خدمات پیوست ۱۰) | E61: Bulk | F61: يكقلم | G61: 1 | H61: 5000000000 | I61: 0 | J61: =G61*H61 -> 5000000000 | K61: =G61*I61 -> 0 | L61: (مطابق شرح خدمات پیوست ۱۰)
B62: جمع کل بخش (Subtotal) | G62: =SUM(G49:G61) -> 20629 | J62: =SUM(J49:J61) -> 28600000000 | K62: =SUM(K49:K61) -> 563620

Sheet Mechanicalتجمعی 
E1: پروژه احداث خط لوله ۱۶ اینچ انتقال فرآورده رفسنجان-یزد و توسعه مراکز انتقال نفت رفسنجان و یزد به روش EPC
E2: بخش تجهیزات مکانیکال (Mechanical Equipment)
B3: ◀ بازگشت به داشبورد
A7: unit | B7: ردیف (Item) | C7: عنوان | D7: شرح تجهیزات (Description) خلاصه | E7: سایز (Size) | F7: واحد (Unit) | G7: مقدار (Qty) | H7: بهای واحد ریالی (Unit Rial) | I7: بهای واحد ارزی (Unit Euro) | J7: بهای کل ریالی (Total Rial) | K7: بهای کل ارزی (Total Euro) | L7: توضیحات پیمان
A8: تجهیزات مکانیکال تلمبه‌خانه رفسنجان | B8: 1 | C8: MAIN TRANSFER PUMP ELECTRICAL MP-451 /452 /453 | D8: MAIN TRANSFER PUMP ELECTRICAL MP-451 /452 /453 Included:Pump,E-Motor,Mounting Plate,Coupling,H=83.5m,Q=838m3/h | E8: N/A | F8: No | G8: 3 | H8: 0 | I8: 10000 | J8: =G8*H8 -> 0 | K8: =G8*I8 -> 30000 | L8: بررسی ، صحه گذاری ، تکمیل ، تست و راه اندازی پمپ های اصلی انتقال فرآورده با شماره شناسایی MP-101/102/103 که توسط کافرما تامین گردیده است به منظور استفاده و بهره برداری در تاسیسات انتقال نفت رفسنجان مطابق با الزامات و نیازمندیهای شرح خدمات پیمان
A9: تجهیزات مکانیکال تلمبه‌خانه رفسنجان | B9: 2 | C9: MAIN BOOSTER PUMP BP-451 A/B/C | D9: MAIN BOOSTER PUMP BP-451 A/B/C Included:Pump,E-Motor,Mounting Plate,Coupling,H=83.5m,Q=838m3/h | E9: N/A | F9: No | G9: 2 | H9: 0 | I9: 108260 | J9: =G9*H9 -> 0 | K9: =G9*I9 -> 216520 | L9: Included:Pump,E-Motor,Mounting Plate,Coupling,H=83.5m,Q=838m3/h Accordance with project Documents and Attachment 10 of Contract
A10: تجهیزات مکانیکال تلمبه‌خانه رفسنجان | B10: 3 | C10: Pig Launcher Trap S-432 | D10: 16"x20" Pig Launcher Trap (S-432), Class 900#, API 5L X60 With Loading, Unloading, Jib Crane, Handling Units, automatic door TDS And Their Accessories | E10: 16"x20" | F10: No | G10: 1 | H10: 0 | I10: 13900 | J10: =G10*H10 -> 0 | K10: =G10*I10 -> 13900 | L10: 16”x20” Pig Launcher Trap (S-432), Class 900#, API 5L X60 With Loading, Unloading, Jib Crane, Handling Units, automatic door TDS And Their Accessories Accordance with project Documents and Attachment 10 of Contract
A11: تجهیزات مکانیکال تلمبه‌خانه رفسنجان | B11: 4 | C11: Corrosion Inhibitor Package PK-451 | D11: CORROSION INHIBITOR PACKAGE | E11: N/A | F11: No | G11: 1 | H11: 0 | I11: 85000 | J11: =G11*H11 -> 0 | K11: =G11*I11 -> 85000 | L11: CORROSION INHIBITOR PACKAGE Accordance with project Documents and Attachment 10 of Contract
A12: تجهیزات مکانیکال تلمبه‌خانه رفسنجان | B12: 5 | C12: Overhead Manual Crane CR-451 A/B/C | D12: Overhead Manual Crane CR-451 A/B/C, 15 Ton | E12: 15 Ton | F12: No | G12: 3 | H12: 0 | I12: 25000 | J12: =G12*H12 -> 0 | K12: =G12*I12 -> 75000 | L12: Overhead Crane, 15 Ton Accordance with project Documents and Attachment 10 of Contract
A13: تجهیزات مکانیکال تلمبه‌خانه رفسنجان | B13: 6 | C13: Overhead Manual Crane | D13: Overhead Manual Crane for Workshop, 5 Ton | E13: 5 Ton | F13: No | G13: 1 | H13: 0 | I13: 25000 | J13: =G13*H13 -> 0 | K13: =G13*I13 -> 25000 | L13: Overhead Crane, 5 Ton Accordance with project Documents and Attachment 10 of Contract For Workshop
A14: تجهیزات مکانیکال تلمبه‌خانه رفسنجان | B14: 7 | C14: Crane | D14: Jib Crane, 1 Ton | E14: 1 Ton | F14: No | G14: 1 | H14: 0 | I14: 25000 | J14: =G14*H14 -> 0 | K14: =G14*I14 -> 25000 | L14: Jib Crane, 1 Ton Accordance with project Documents and Attachment 10 of Contract
A15: تجهیزات مکانیکال تلمبه‌خانه رفسنجان | B15: 8 | C15: Main Strainer ST-451A/B | D15: Main Strainer ST-451A/B 600# | E15: 600# | F15: No | G15: 2 | H15: 0 | I15: 27100 | J15: =G15*H15 -> 0 | K15: =G15*I15 -> 54200 | L15: 600# ,ACCORDING TO DATA SHEET NO. 870063-B-02-STR-00-105-ME-0204 and Attachment 10 of Contract
A16: تجهیزات مکانیکال تلمبه‌خانه رفسنجان | B16: 9 | C16: bulk | D16: Bulk Mechanical Equipment / بالك تجهيزات مكانيك تلمبه‌خانه رفسنجان (مطابق شرح خدمات پیوست ۱۰) | E16: Bulk | F16: یکقلم | G16: 1 | H16: 0 | I16: 3192.6 | J16: =G16*H16 -> 0 | K16: =G16*I16 -> 3192.6 | L16: (مطابق شرح خدمات پیوست ۱۰)
A17: تجهیزات مکانیکال تلمبه‌خانه یزد | B17: 1 | C17: MAIN TRANSFER PUMP DIESEL MP-554 | D17: MAIN TRANSFER PUMP DIESEL MP-554 H=490m,Q=633m3/h | E17: N/A | F17: No | G17: 1 | H17: 0 | I17: 400000 | J17: =G17*H17 -> 0 | K17: =G17*I17 -> 400000 | L17: Included:Pump,Diesel,Daily Fuel Tank,Mounting Plate,Coupling,H=490m,Q=633m3/h Accordance with project Documents and Attachment 10 of Contract
A18: تجهیزات مکانیکال تلمبه‌خانه یزد | B18: 2 | C18: MAIN TRANSFER PUMP ELECTRICAL MP-551 /552 /553 | D18: MAIN TRANSFER PUMP ELECTRICAL MP-551/552/553 (Testing/Commissioning by Contractor) | E18: N/A | F18: No | G18: 3 | H18: 0 | I18: 10000 | J18: =G18*H18 -> 0 | K18: =G18*I18 -> 30000 | L18: بررسی ، صحه گذاری ، تکمیل ، تست و راه اندازی پمپ های اصلی انتقال فرآورده با شماره شناسایی MP-201/202/203 که توسط کافرما تامین گردیده است به منظور استفاده و بهره برداری در تاسیسات انتقال نفت یزد مطابق با الزامات و نیازمندیهای شرح خدمات پیمان
A19: تجهیزات مکانیکال تلمبه‌خانه یزد | B19: 3 | C19: MAIN BOOSTER PUMP BP-551 A/B/C | D19: MAIN BOOSTER PUMP BP-551 A/B/C H=100m,Q=633m3/h | E19: N/A | F19: No | G19: 3 | H19: 0 | I19: 116000 | J19: =G19*H19 -> 0 | K19: =G19*I19 -> 348000 | L19: Included:Pump,E-Motor,Mounting Plate,Coupling,H=100m,Q=633m3/h Accordance with project Documents and Attachment 10 of Contract
... A31: تجهیزات مکانیکال تلمبه‌خانه یزد | B31: 15 | C31: Main Strainer | D31: MAIN STRAINER 900# (STR 551/552 A/B) | E31: 900# | F31: No | G31: 4 | H31: 0 | I31: 30000 | J31: =G31*H31 -> 0 | K31: =G31*I31 -> 120000 | L31: MAIN STRAINER 900# ( STR 551/552 A/B) ACCORDING TO DATA SHEET NO. 870063-B-02-STR-00-105-ME-0204. Accordance with project Documents and Attachment 10 of Contract
A32: تجهیزات مکانیکال تلمبه‌خانه یزد | B32: 16 | D32: MAIN STRAINER 600# (STR 553 A/B) | E32: 600# | F32: No | G32: 2 | H32: 0 | I32: 27100 | J32: =G32*H32 -> 0 | K32: =G32*I32 -> 54200 | L32: MAIN STRAINER 600# ( STR 553 A/B) ACCORDING TO DATA SHEET NO. 870063-B-02-STR-00-105-ME-0204. Accordance with project Documents and Attachment 10 of Contract
A33: تجهیزات مکانیکال تلمبه‌خانه یزد | B33: 17 | C33: MODIFICATION OF EXISTING STORAGE TANKS TK-1501,1502,1503,503 | D33: MODIFICATION OF EXISTING STORAGE TANKS TK-1501,1502,1503,503 | E33: N/A | F33: مقطوع | G33: 1 | H33: 32600000000 | I33: 0 | J33: =G33*H33 -> 32600000000 | K33: =G33*I33 -> 0 | L33: Accordance with project Documents and Attachment 10 of Contract
A34: تجهیزات مکانیکال تلمبه‌خانه یزد | B34: 18 | C34: bulk | D34: Bulk Mechanical Equipment / بالك تجهيزات مكانیک یزد (مطابق شرح خدمات پیوست ۱۰) | E34: Bulk | F34: بکقلم | G34: 1 | H34: 5000000000 | I34: 0 | J34: =G34*H34 -> 5000000000 | K34: =G34*I34 -> 0 | L34: (مطابق شرح خدمات پیوست ۱۰)
A35: تجهیزات مکانیکال خط لوله ۱۶ اینچ رفسنجان-یزد | B35: 1 | C35: HOT BEND | D35: HOT BEND 16" API 5L GR.X60, HFW, BE PER ASME B16.25, RADIUS: 7D, 45 DEG, WT 0.5" | E35: 16" | F35: No. | G35: 4 | H35: 1500000000 | I35: 0 | J35: =G35*H35 -> 6000000000 | K35: =G35*I35 -> 0 | L35: API 5L GR.X60, HFW, BE PER ASME B16.25, PER ASME B36.10, RADIUS OF CURVATURE:7D, BEND ANGLE:45° ACCORDING TO ASME B16.49
A36: تجهیزات مکانیکال خط لوله ۱۶ اینچ رفسنجان-یزد | B36: 2 | C36: HOT BEND | D36: HOT BEND 16" API 5L GR.X60, HFW, BE PER ASME B16.25, RADIUS: 7D, 45 DEG, WT 0.438" | E36: 16" | F36: No. | G36: 4 | H36: 1200000000 | I36: 0 | J36: =G36*H36 -> 4800000000 | K36: =G36*I36 -> 0 | L36: API 5L GR.X60, HFW, BE PER ASME B16.25, PER ASME B36.10, RADIUS OF CURVATURE:7D, BEND ANGLE:45° ACCORDING TO ASME B16.49
A37: تجهیزات مکانیکال خط لوله ۱۶ اینچ رفسنجان-یزد | B37: 3 | C37: HOT BEND | D37: HOT BEND 16" API 5L GR.X60, HFW, BE PER ASME B16.25, RADIUS: 7D, 45 DEG, WT 0.344" | E37: 16" | F37: No. | G37: 4 | H37: 950000000 | I37: 0 | J37: =G37*H37 -> 3800000000 | K37: =G37*I37 -> 0 | L37: API 5L GR.X60, HFW, BE PER ASME B16.25, PER ASME B36.10, RADIUS OF CURVATURE:7D, BEND ANGLE:45° ACCORDING TO ASME B16.49
A38: تجهیزات مکانیکال خط لوله ۱۶ اینچ رفسنجان-یزد | B38: 4 | C38: CHECK VALVE | D38: 900# 16" SWING CHECK VALVE, BW, PUP PIECES, API 6D WITH SPEED CONTROL | E38: 16" | F38: No. | G38: 1 | H38: 0 | I38: 12300 | J38: =G38*H38 -> 0 | K38: =G38*I38 -> 12300 | L38: THROUGH CONDUIT SWING CHECK VALVE, ASTM A216 WCB/A105, TRIM:13% Cr/STL6, BW, PUP PIECES, API 6D WHIT SPEED CONTROL ACCO. TO ATTACHMENT 18 CONTRACT
A39: تجهیزات مکانیکال خط لوله ۱۶ اینچ رفسنجان-یزد | B39: 5 | C39: GATE VALVE | D39: GATE VALVE 16" 900# (LBV), THROUGH CONDUIT, EXTENDED STEM, BB, BG, OS&Y, GAS OVER OIL ACTUATOR POWERED BY NITROGEN BOTTLES | E39: 16" | F39: No. | G39: 1 | H39: 0 | I39: 5200 | J39: =G39*H39 -> 0 | K39: =G39*I39 -> 5200 | L39: THROUGH CONDUIT, EXTENDED STEM, BB, BG, OS&Y, ASTM A216 WCB/A105/A516GR.70, TRIM: 13%Cr/STL, BW, PUP PIECES, WITH LOCKING DEVICES, API 6D - ACTUATOR: GAS OVER OIL ACTUATOR POWERED BY NITROGEN BOTTLES ACCORDING TO NIOEC-SP-70-18(3) (TYPE A). - NITROGEN STORAGE TANK, ASME VIII, DIV.II W/ACCESSORIES (VOLUME TANK SHALL BE SIZED FOR 3 VALVE STROKES) -LOCAL CONTROL PANEL: 316 SS,IP65 - LINE BREAK DETECTION TYPE: ELECTRONIC TYPE W/ PRESSURE TRANSMITTER (IP65, EeXD, IIB,T4)
A40: تجهیزات مکانیکال خط لوله ۱۶ اینچ رفسنجان-یزد | B40: 5.1 | C40: LBV | D40: INTEGRATED SOLAR PANEL W/BATTERY BACK-UP CAPABLE OF 5 DAYS AUTONOMY FOR LBV | E40: N/A | F40: No. | G40: 1 | H40: 0 | I40: 49000 | J40: =G40*H40 -> 0 | K40: =G40*I40 -> 49000 | L40: - INTEGRATED SOLAR PANEL W/BATTERY BACK-UP CAPABLE OF 5 DAYS AUTONOMY - FUNCTION( LOCAL): REQUIRED(OPEN/CLOSE) - POWER/SIGNAL FAILURE : LAST POSITION WITH POSITION MONITORING VIA FIBER OPTIC CABLE - HAND PUMP : REQUIRED -SOLENIOD OPERATED VALVES : 1NO.S ,2 WAY 3 POSITION (IP65,EEXD,IIB,T4,316SS,Max.10W) -PROXIMITY SWITCHS: 2 NO.S (IP65,EEXD,IIB,T4) -3D LOCAL POSITION INDICATOR
A41: تجهیزات مکانیکال خط لوله ۱۶ اینچ رفسنجان-یزد | B41: 6 | C41: BLOCK VALVE | D41: 900# 16" BLOCK VALVE, BW, PUP PIECES, GEAR OP. WITH CONNECTION TO HYDRAULIC POWER PACKAGE | E41: 16" | F41: No. | G41: 7 | H41: 0 | I41: 2360 | J41: =G41*H41 -> 0 | K41: =G41*I41 -> 16520 | L41: THROUGH CONDUIT, EXTENDED STEM, BB, BG, OS&Y, ASTM A216 WCB/A105/A516GR.70, TRIM: 13%Cr/STL6, BW , PUP PIECES, GEAR OP., WITH LOCKING DEVICES, WITH CONNECTIONS AND FACILITIES FOR CONNECTING TO HYDRAULIC POWER PACKAGE ACCORDING TO ATTACHMENT 18 OF CONTRACT, API 6D
A42: تجهیزات مکانیکال خط لوله ۱۶ اینچ رفسنجان-یزد | B42: 7 | C42: ANCHOR FLANGE | D42: ANCHOR FLANGE 16" 900#, ASTM 694 F60, PUP PIECES | E42: 16" | F42: No. | G42: 2 | H42: 4500000000 | I42: 0 | J42: =G42*H42 -> 9000000000 | K42: =G42*I42 -> 0 | L42: ASTM 694 F60, PUP PIECES, ACCORDING TO ATTACHMENT 18 OF CONTRACT
A43: تجهیزات مکانیکال خط لوله ۱۶ اینچ رفسنجان-یزد | B43: 8 | C43: INSULATING JOINT | D43: INSULATING JOINT 16" 900#, ASTM 694 F60, PUP PIECES | E43: 16" | F43: No. | G43: 2 | H43: 0 | I43: 12300 | J43: =G43*H43 -> 0 | K43: =G43*I43 -> 24600 | L43: ASTM 694 F60, PUP PIECES, ACCORDING TO ATTACHMENT 10&18 OF CONTRACT, IPS-M- TP-750/8-900#
A44: تجهیزات مکانیکال خط لوله ۱۶ اینچ رفسنجان-یزد | B44: 9 | C44: POWER PACK UNIT | D44: POWER PACK UNIT: DRIVING ENGINE 4-STROKE AIR COOLED GASOLINE TYPE, HYDRAULIC PUMP GEAR TYPE | E44: N/A | F44: No. | G44: 2 | H44: 0 | I44: 80000 | J44: =G44*H44 -> 0 | K44: =G44*I44 -> 160000 | L44: DRIVING ENGINE 4-SRTOKE AIR COOLED GASOLINE TYPE, HYDRAULIC PUMP GEAR TYPE, ACCORDING TO ATTACHMENT 10&18 OF CONTRACT
... A47: تجهیزات مکانیکال خط لوله ۱۶ اینچ رفسنجان-یزد | B47: 12 | C47: BULK | D47: Bulk Piping & Mechanical Equipment / بالك لوله‌کشی و تجهیزات مکانیکال خط لوله (مطابق شرح خدمات پیوست ۱۰) | E47: Bulk | F47: يكقلم | G47: 1 | H47: 5000000000 | I47: 0 | J47: =G47*H47 -> 5000000000 | K47: =G47*I47 -> 0 | L47: (مطابق شرح خدمات پیوست ۱۰)
B48: جمع کل بخش (Subtotal) | G48: =SUM(G35:G47) -> 20629 | J48: =SUM(J35:J47) -> 28600000000 | K48: =SUM(K35:K47) -> 563620

Sheet Mechanical جدول تفکیک 
D1: پروژه احداث خط لوله ۱۶ اینچ انتقال فرآورده رفسنجان-یزد و توسعه مراکز انتقال نفت رفسنجان و یزد به روش EPC
B3: ◀ بازگشت به داشبورد
B5: به تفکیک هر قسمت مکانیکال
B6: ردیف | C6: قسمت مکانیکال به تفکیک | F6: تجمعی ریال | K6: تجمعی یورویی
B7: 1 | C7: ANCHOR FLANGE | F7: =SUM('ANCHOR FLANGE'!J10) -> 9000000000 | K7: =SUM('ANCHOR FLANGE'!K10) -> 0
B8: 2 | C8: BLOCK VALVE
B9: 3
B10: 4
B11: 5
B12: 6
B13: 7
B14: 8
B15: 9
B16: 10
B17: 11
B18: 12
B19: 13
B20: 14
B21: 15
B22: مجموع | F22: =SUM(F7:G14) -> 9000000000 | K22: =SUM(K7:N14) -> 0

Sheet ANCHOR FLANGE
E1: پروژه احداث خط لوله ۱۶ اینچ انتقال فرآورده رفسنجان-یزد و توسعه مراکز انتقال نفت رفسنجان و یزد به روش EPC
E2: بخش تجهیزات مکانیکال (Mechanical Equipment)
B3: ◀ بازگشت به داشبورد
A7: متریال bulk
A8: unit | B8: ردیف (Item) | C8: عنوان | D8: شرح تجهیزات (Description) خلاصه | E8: سایز (Size) | F8: واحد (Unit) | G8: مقدار (Qty) | H8: بهای واحد ریالی (Unit Rial) | I8: بهای واحد ارزی (Unit Euro) | J8: بهای کل ریالی (Total Rial) | K8: بهای کل ارزی (Total Euro) | L8: توضیحات پیمان
A9: ='Mechanicalتجمعی '!A42 -> تجهیزات مکانیکال خط لوله ۱۶ اینچ رفسنجان-یزد | B9: ='Mechanicalتجمعی '!B42 -> 7 | C9: ='Mechanicalتجمعی '!C42 -> ANCHOR FLANGE | D9: ='Mechanicalتجمعی '!D42 -> ANCHOR FLANGE 16" 900#, ASTM 694 F60, PUP PIECES | E9: ='Mechanicalتجمعی '!E42 -> 16" | F9: ='Mechanicalتجمعی '!F42 -> No. | G9: ='Mechanicalتجمعی '!G42 -> 2 | H9: ='Mechanicalتجمعی '!H42 -> 4500000000 | ... L9: ='Mechanicalتجمعی '!L42 -> ASTM 694 F60, PUP PIECES, ACCORDING TO ATTACHMENT 18 OF CONTRACT
B10: جمع کل بخش (Subtotal) | J10: =SUM(J8:J9) -> 9000000000 | K10: =SUM(K8:K9) -> 0

Sheet BLOCK VALVE
E1: پروژه احداث خط لوله ۱۶ اینچ انتقال فرآورده رفسنجان-یزد و توسعه مراکز انتقال نفت رفسنجان و یزد به روش EPC
E2: بخش تجهیزات مکانیکال (Mechanical Equipment)
B3: ◀ بازگشت به داشبورد
A7: متریال BLOCK VALVE
A8: ='Mechanicalتجمعی '!A7 -> unit | B8: ='Mechanicalتجمعی '!B7 -> ردیف (Item) | C8: ='Mechanicalتجمعی '!C7 -> عنوان | D8: ='Mechanicalتجمعی '!D7 -> شرح تجهیزات (Description) خلاصه | E8: ='Mechanicalتجمعی '!E7 -> سایز (Size) | F8: ='Mechanicalتجمعی '!F7 -> واحد (Unit) | G8: ='Mechanicalتجمعی '!G7 -> مقدار (Qty) | H8: ='Mechanicalتجمعی '!H7 -> بهای واحد ریالی (Unit Rial) | ... L8: ='Mechanicalتجمعی '!L7 -> توضیحات پیمان
A9: ='Mechanicalتجمعی '!A41 -> تجهیزات مکانیکال خط لوله ۱۶ اینچ رفسنجان-یزد | B9: ='Mechanicalتجمعی '!B41 -> 6 | C9: ='Mechanicalتجمعی '!C41 -> BLOCK VALVE | D9: ='Mechanicalتجمعی '!D41 -> 900# 16" BLOCK VALVE, BW, PUP PIECES, GEAR OP. WITH CONNECTION TO HYDRAULIC POWER PACKAGE | E9: ='Mechanicalتجمعی '!E41 -> 16" | F9: ='Mechanicalتجمعی '!F41 -> No. | G9: ='Mechanicalتجمعی '!G41 -> 7 | H9: ='Mechanicalتجمعی '!H41 -> 0 | ... L9: ='Mechanicalتجمعی '!L41 -> THROUGH CONDUIT, EXTENDED STEM, BB, BG, OS&Y, ASTM A216 WCB/A105/A516GR.70, TRIM: 13%Cr/STL6, BW , PUP PIECES, GEAR OP., WITH LOCKING DEVICES, WITH CONNECTIONS AND FACILITIES FOR CONNECTING TO HYDRAULIC POWER PACKAGE ACCORDING TO ATTACHMENT 18 OF CONTRACT, API 6D

Sheet توضیحات3  (3)
B4: متریال ( Electrical)

Sheet Electrical
E1: پروژه احداث خط لوله ۱۶ اینچ انتقال فرآورده رفسنجان-یزد و توسعه مراکز انتقال نفت رفسنجان و یزد به روش EPC
E2: بخش تجهیزات برقی (Electrical Equipment)
B3: ◀ بازگشت به داشبورد
B5: جدول شماره ۳-۱-۲: قیمت پیشنهادی برای خرید تجهیزات برقی تلمبه‌خانه رفسنجان
A7: unit | B7: ردیف (Item) | C7: عنوان | D7: شرح تجهیزات (Description) خلاصه | E7: سایز (Size) | F7: واحد (Unit) | G7: مقدار (Qty) | H7: بهای واحد ریالی (Unit Rial) | I7: بهای واحد ارزی (Unit Euro) | J7: بهای کل ریالی (Total Rial) | K7: بهای کل ارزی (Total Euro) | L7: توضیحات پیمان
A8: تجهیزات برقی تلمبه‌خانه رفسنجان | B8: 1 | C8: cable | D8: Cable 1 x 240, 12/20KV, Solid Copper Conductor, XLPE Insulation, Lead Cover, SWA, PVC | E8: 1 x 240 | F8: m | G8: 2640 | H8: 18593925 | I8: 0 | J8: =G8*H8 -> 49087962000 | K8: =G8*I8 -> 0 | L8: 12/ 20KV Solid Copper Conductor Cable , XLPE Insulation , Extruded PVC Bedding , Lead Cover , Galvanized Steel Round Wire Armor , Hydrocarbon Resistant and Flame Retardant PVC Overall Sheath . Accordance with project Documents and Attachment 10 of Contract (CU/XLPE/SWA/PVC)(MEDIUM VOLTAGE)
A9: تجهیزات برقی تلمبه‌خانه رفسنجان | B9: 2 | C9: cable | D9: Cable 3 x 185, 12/20KV, Solid Copper Conductor, XLPE Insulation, Lead Cover, SWA, PVC | E9: 3 x 185 | F9: m | G9: 3000 | H9: 47751847 | I9: 0 | J9: =G9*H9 -> 143255541000 | K9: =G9*I9 -> 0 | L9: 12 / 2 0KV Solid Copper Conductor Cable , XLPE Insulation , Extruded PVC Bedding , Lead Cover , Galvanized Steel Round Wire Armor , Hydrocarbon Resistant and Flame Retardant PVC Overall Sheath . Accordance with project Documents and Attachment 10 of Contract (CU/XLPE/SWA/PVC)(MEDIUM VOLTAGE)
A10: تجهیزات برقی تلمبه‌خانه رفسنجان | B10: 3 | C10: cable | D10: Cable 3 x 240 + 120, 0.6/1KV, Solid Copper Conductor, XLPE Insulation, Lead Cover, SWA, PVC | E10: 3x240+120 | F10: m | G10: 10 | H10: 48521462 | I10: 0 | J10: =G10*H10 -> 485214620 | K10: =G10*I10 -> 0 | L10: 0.6 / 1 KV Solid Copper Conductor Cable , XLPE Insulation , Extruded PVC Bedding , Lead Cover , Galvanized Steel Round Wire Armor , Hydrocarbon Resistant and Flame Retardant PVC Overall Sheath . Accordance with project Documents and Attachment 10 of Contract (CU/XLPE/SWA/PVC)(MEDIUM VOLTAGE)
A11: تجهیزات برقی تلمبه‌خانه رفسنجان | B11: 4 | C11: cable | D11: Cable 3 x 185, 6/10KV, Solid Copper Conductor, XLPE Insulation, Lead Cover, SWA, PVC | E11: 3 x 185 | F11: m | G11: 300 | H11: 42988010 | I11: 0 | J11: =G11*H11 -> 12896403000 | K11: =G11*I11 -> 0 | L11: 6 / 1 0KV Solid Copper Conductor Cable , XLPE Insulation , Extruded PVC Bedding , Lead Cover , Galvanized Steel Round Wire Armor , Hydrocarbon Resistant and Flame Retardant PVC Overall Sheath . Accordance with project Documents and Attachment 10 of Contract (CU/XLPE/SWA/PVC)(MEDIUM VOLTAGE)
A12: تجهیزات برقی تلمبه‌خانه رفسنجان | B12: 5 | C12: cable | D12: Cable 1 x 185, 6/10KV, Solid Copper Conductor, XLPE Insulation, Lead Cover, SWA, PVC | E12: 1 x 185 | F12: m | G12: 6420 | H12: 14066860 | I12: 0 | J12: =G12*H12 -> 90309241200 | K12: =G12*I12 -> 0 | L12: 6 / 1 0KV Solid Copper Conductor Cable , XLPE Insulation , Extruded PVC Bedding , Lead Cover , Galvanized Steel Round Wire Armor , Hydrocarbon Resistant and Flame Retardant PVC Overall Sheath . Accordance with project Documents and Attachment 10 of Contract (CU/XLPE/SWA/PVC)(MEDIUM VOLTAGE)
A13: تجهیزات برقی تلمبه‌خانه رفسنجان | B13: 6 | C13: cable | D13: Cable 3 x 120 + 70, 0.6/1KV, Solid Copper Conductor, XLPE Insulation, Lead Cover, SWA, PVC | E13: 3x120+70 | F13: m | G13: 1040 | H13: 25214719 | I13: 0 | J13: =G13*H13 -> 26223307760 | K13: =G13*I13 -> 0 | L13: 0.6 / 1 KV Solid Copper Conductor Cable , XLPE Insulation , Extruded PVC Bedding , Lead Cover , Galvanized Steel Round Wire Armor , Hydrocarbon Resistant and Flame Retardant PVC Overall Sheath. Accordance with project Documents and Attachment 10 of ContractContract.(CU/XLPE/LC/SWA/PVC)
A14: تجهیزات برقی تلمبه‌خانه رفسنجان | B14: 7 | C14: Switchgear | D14: 6 kV Switchgear; Withdrawable, Vacuum type; 1600A, 25kA/1s | E14: 6 kV | F14: Set | G14: 1 | H14: 0 | I14: 229240 | J14: =G14*H14 -> 0 | K14: =G14*I14 -> 229240 | L14: 6 kV Switchgear ; Withdrawable , Vacuum type ; 1600A, with 2 incoming & 1 Bustie CB ; with multiple outgoing CB's; 2.5 mm thickness of panel ; panel rating 25 kA/ 1 Sec. ; with all protection , control & monitorings ; As per Dwg. 870063-B-01-XXX-00-168-EL-0242.As per Ds. 870063-B-01-SWX-00-105-EL-0223. As per Spec. 870063-B-00-SWX-00-101-EL-0043.and Attachment 10 of Contract
A15: تجهیزات برقی تلمبه‌خانه رفسنجان | B15: 8 | C15: Switchgear | D15: Extended MV Switchgear, 20 kV, with 6 outgoing 630A VCB, IP-42, 25 kA | E15: 20 kV | F15: Set | G15: 1 | H15: 161176517420 | I15: 0 | J15: =G15*H15 -> 161176517420 | K15: =G15*I15 -> 0 | L15: Extended MV Switchgear, 20 kV, with 6 outgoing 630A (VCB) ,IP-42 ,25 KA ,1 cubicle .As per Spec. 870063-B-00-SWX-00-101-EL-0043. and Attachment 10 of Contract
A16: تجهیزات برقی تلمبه‌خانه رفسنجان | B16: 9 | C16: Switchgear | D16: MV Switchgear, 20kV, 1 incoming + 2 outgoings, 630A (VCB), IP-42, 25 kA | E16: 20 kV | F16: Set | G16: 2 | H16: 0 | I16: 56620 | J16: =G16*H16 -> 0 | K16: =G16*I16 -> 113240 | L16: MV Switchgear,20kV, with 1 incoming and 2 outgoings, 630A (VCB) ,IP-42 ,25 KA ,3 cubicles .with complete measuring and protection As per Spec. 870063-B-00-SWX-00-101-EL-0043. and Attachment 10 of Contract
A17: تجهیزات برقی تلمبه‌خانه رفسنجان | B17: 10 | C17: Switchgear | D17: Extended LV Switchgear, 0.4 KV, IP-42, 50 kA | E17: 0.4 kV | F17: Set | G17: 1 | H17: 0 | I17: 605220 | J17: =G17*H17 -> 0 | K17: =G17*I17 -> 605220 | L17: Extended LV Switchgear ,0.4 KV ,with 5 outgoing 16A (MCCB + Contactor) ,24 outgoing 16A (MCCB) ,4 outgoing 25A (MCCB) ,3 outgoing 40A (MCCB) ,3 outgoing 63A (MCCB) ,IP-42 , 50 KA , 3 cubicles.As per Dwg. 870063-B-01-XXX-00-168-EL-0243.As per Ds. 870063-B-01-SWX-00-105-EL-0224.As per Spec. 870063-B-00-SWX-00-101-EL-0044. and Attachment 10 of Contract
A18: تجهیزات برقی تلمبه‌خانه رفسنجان | B18: 11 | C18: Switchgear | D18: Power factor correction panel, 400 V, 15 kVAR, IP-42 | E18: 400 V | F18: Set | G18: 1 | H18: 0 | I18: 2190 | J18: =G18*H18 -> 0 | K18: =G18*I18 -> 2190 | L18: Power factor correction panel ,400 V ,15 kVAR , IP 42. As per Dwg. 870063-B-01-XXX-00-168-EL-0243.As per Ds. 870063-B-01-CPF-00-105-EL-0229.As per Spec. 870063-B-00-XXX-00-101-EL-0055. and Attachment 10 of Contract
A19: تجهیزات برقی تلمبه‌خانه رفسنجان | B19: 12 | C19: Transformer | D19: Power Transformer, 20kV/6.3kV, P=12500 kVA, Z=10.5%, ONAN | E19: 20kV/6.3kV | F19: set | G19: 2 | H19: 0 | I19: 13700 | J19: =G19*H19 -> 0 | K19: =G19*I19 -> 27400 | L19: Power Transformer ; 20kV/6.3kV; P=12500 kVA ; Z=10.5% Conservator type , ONAN(with fan Provisin) with OFF-LOAD tap-changer; with all mechanical and Electrical accessories As per Dwg. 870063-B-02-XXX-00-168-EL-0243.As per Spec. 870063-B-00-XXX-00-101-EL-0047,,As per Ds. 870063-B-00-TFX-00-105-EL-0225.and Attachment 10 of Contract
... A22: تجهیزات برقی تلمبه‌خانه رفسنجان | B22: 15 | C22: bulk | D22: Bulk Electrical Equipment / بالك تجهيزات برقي رفسنجان (مطابق شرح خدمات پیوست ۱۰) | E22: Bulk | F22: یکقلم | G22: 1 | H22: 0 | I22: 6000 | J22: =G22*H22 -> 0 | K22: =G22*I22 -> 6000 | L22: (مطابق شرح خدمات پیوست ۱۰)
B23: جمع کل بخش (Subtotal) | G23: =SUM(G8:G22) -> 13421 | J23: =SUM(J8:J22) -> 483434187000 | K23: =SUM(K8:K22) -> 1171290
B27: جدول شماره ۳-۲-۲: قیمت پیشنهادی برای خرید تجهیزات برقی تلمبه‌خانه یزد
A29: unit | B29: ردیف (Item) | C29: عنوان | D29: شرح تجهیزات (Description) خلاصه | E29: سایز (Size) | F29: واحد (Unit) | G29: مقدار (Qty) | H29: بهای واحد ریالی (Unit Rial) | I29: بهای واحد ارزی (Unit Euro) | J29: بهای کل ریالی (Total Rial) | K29: بهای کل ارزی (Total Euro) | L29: توضیحات پیمان
A30: تجهیزات برقی تلمبه‌خانه یزد | B30: 1 | C30: cable | D30: Cable 1 x 185, 6/10KV, Copper Conductor, XLPE Insulation, SWA, PVC (MEDIUM VOLTAGE) | E30: 1 x 185 | F30: m | G30: 5890 | H30: 14000000 | I30: 0 | J30: =G30*H30 -> 82460000000 | K30: =G30*I30 -> 0 | L30: 6 / 1 0KV Solid Copper Conductor Cable , XLPE Insulation , Extruded PVC Bedding , Lead Cover , Galvanized Steel Round Wire Armor , Hydrocarbon Resistant and Flame Retardant PVC Overall Sheath . (CU/XLPE/SWA/PVC)(MEDIUM VOLTAGE) acc to Attachment 10 of Contract
A31: تجهیزات برقی تلمبه‌خانه یزد | B31: 2 | C31: cable | D31: Cable 3 x 95, 0.6/1KV, Copper Conductor, XLPE Insulation, Lead Cover, SWA, PVC | E31: 3 x 95 | F31: m | G31: 880 | H31: 17900000 | I31: 0 | J31: =G31*H31 -> 15752000000 | K31: =G31*I31 -> 0 | L31: 0.6 / 1 KV Solid Copper Conductor Cable , XLPE Insulation , Extruded PVC Bedding , Lead Cover , Galvanized Steel Round Wire Armor , Hydrocarbon Resistant and Flame Retardant PVC Overall Sheath .(CU/XLPE/LC/SWA/PVC) acc to Attachment 10 of Contract
A32: تجهیزات برقی تلمبه‌خانه یزد | B32: 3 | C32: cable | D32: Cable 1 x 95, 0.6/1KV, Copper Conductor, XLPE Insulation, SWA, PVC | E32: 1 x 95 | F32: m | G32: 360 | H32: 6100000 | I32: 0 | J32: =G32*H32 -> 2196000000 | K32: =G32*I32 -> 0 | L32: 0.6 / 1 KV Solid Copper Conductor Cable , XLPE Insulation , Extruded PVC Bedding , Galvanized Steel Round Wire Armor , Hydrocarbon Resistant and Flame Retardant PVC Overall Sheath .(CU/XLPE/LC/SWA/PVC) acc to Attachment 10 of Contract
A33: تجهیزات برقی تلمبه‌خانه یزد | B33: 4 | C33: cable | D33: Cable 3 x 120 + 70, 0.6/1KV, Copper Conductor, XLPE Insulation, Lead Cover, SWA, PVC | E33: 3x120+70 | F33: m | G33: 360 | H33: 25500000 | I33: 0 | J33: =G33*H33 -> 9180000000 | K33: =G33*I33 -> 0 | L33: 0.6 / 1 KV Solid Copper Conductor Cable , XLPE Insulation , Extruded PVC Bedding , Lead Cover , Galvanized Steel Round Wire Armor , Hydrocarbon Resistant and Flame Retardant PVC Overall Sheath .(CU/XLPE/LC/SWA/PVC) acc to Attachment 10 of Contract
A34: تجهیزات برقی تلمبه‌خانه یزد | B34: 5 | C34: cable | D34: Cable 3 x 240 + 120, 0.6/1KV, Copper Conductor, XLPE, Lead Cover, SWA, PVC | E34: 3x240+120 | F34: m | G34: 440 | H34: 48000000 | I34: 0 | J34: =G34*H34 -> 21120000000 | K34: =G34*I34 -> 0 | L34: 0.6 / 1 KV Solid Copper Conductor Cable , XLPE Insulation , Extruded PVC Bedding , Lead Cover , Galvanized Steel Round Wire Armor , Hydrocarbon Resistant and Flame Retardant PVC Overall Sheath .(CU/XLPE/LC/SWA/PVC) acc to Attachment 10 of Contract
A35: تجهیزات برقی تلمبه‌خانه یزد | B35: 6 | C35: cable | D35: Cable 1 x 120, 0.6/1KV, Copper Conductor, XLPE, Lead Cover, SWA, PVC | E35: 1 x 120 | F35: m | G35: 780 | H35: 7500000 | I35: 0 | J35: =G35*H35 -> 5850000000 | K35: =G35*I35 -> 0 | L35: 0.6 / 1 KV Solid Copper Conductor Cable , XLPE Insulation , Extruded PVC Bedding , Lead Cover , Galvanized Steel Round Wire Armor , Hydrocarbon Resistant and Flame Retardant PVC Overall Sheath .(CU/XLPE/LC/SWA/PVC) acc to Attachment 10 of Contract
A36: تجهیزات برقی تلمبه‌خانه یزد | B36: 7 | C36: cable | D36: Cable 1 x 120, 12/20 KV, Copper Conductor, XLPE, Lead Cover, SWA, PVC | E36: 1 x 120 | F36: m | G36: 450 | H36: 11100000 | I36: 0 | J36: =G36*H36 -> 4995000000 | K36: =G36*I36 -> 0 | L36: 12 / 20 KV Solid Copper Conductor Cable , XLPE Insulation , Extruded PVC Bedding , Lead Cover , Galvanized Steel Round Wire Armor , Hydrocarbon Resistant and Flame Retardant PVC Overall Sheath .(CU/XLPE/LC/SWA/PVC) acc to Attachment 10 of Contract
A37: تجهیزات برقی تلمبه‌خانه یزد | B37: 8 | C37: Switchgear | D37: MV Switchgear, 6 kV, with 2 incoming 630A VCB, 1 bus-tie 630A, 10 outgoing feeders | E37: 6 kV | F37: Set | G37: 1 | H37: 0 | I37: 255000 | J37: =G37*H37 -> 0 | K37: =G37*I37 -> 255000 | L37: MV Switchgear ,6 kV ,with 2 incoming 630 A (VCB) , 1 bus-tie 630A (VCB) , IP-42 ,25 kA and 10 outgoing feeders 630 A (VCB) , include ATS , 15 cubicles .As per Dwg. 870063-B-02-XXX-00-168-EL-0242.As per Ds. 870063-B-02-SWX-00-105-EL-0223.As per Spec. 870063-B-00-SWX-00-101-EL-0043. and Attachment 10 of Contract
A38: تجهیزات برقی تلمبه‌خانه یزد | B38: 9 | C38: Switchgear | D38: Extended MV Switchgear, 6 kV, with 2 outgoing 630A (VCB), IP-42, 25 kA | E38: 6 kV | F38: Set | G38: 1 | H38: 0 | I38: 53000 | J38: =G38*H38 -> 0 | K38: =G38*I38 -> 53000 | L38: Extended MV Switchgear , 6 kV ,with 2 outgoing 630A (VCB) ,IP-42 ,25 kA , 2 cubicles .As per Dwg. 870063-B-02-XXX-00-168-EL-0242.As per Ds. 870063-B-02-SWX-00-105-EL-0223.As per Spec. 870063-B-00-SWX-00-101-EL-0043. and Attachment 10 of Contract
A39: تجهیزات برقی تلمبه‌خانه یزد | B39: 10 | C39: Switchgear | D39: MV Switchgear, 20 KV, with 2 incoming and 6 outgoings, 630A (VCB) | E39: 20 kV | F39: Set | G39: 1 | H39: 0 | I39: 98000 | J39: =G39*H39 -> 0 | K39: =G39*I39 -> 98000 | L39: MV Switchgear,20 KV, with 2 incoming and 6 outgoings, 630A (VCB) ,IP-42 ,25 KA ,3 cubicles .with complete measuring and protection As per Spec. 870063-B-00-SWX-00-101-EL-0043 and Attachment 10 of Contract
A40: تجهیزات برقی تلمبه‌خانه یزد | B40: 11 | C40: Switchgear | D40: LV Switchgear, 0.4 kV, with 2 incoming 630A, IP-42, 50 kA | E40: 0.4 kV | F40: Set | G40: 1 | H40: 0 | I40: 98000 | J40: =G40*H40 -> 0 | K40: =G40*I40 -> 98000 | L40: LV Switchgear ,0.4 kV ,with 2 incoming 630 A (ACB) , 1 bus-tie 630 A (ACB) , 1 emergency incoming 630 A , IP-42 , 50 KA , 9 cubicles .As per Dwg. 870063-B-02-XXX-00-168-EL-0243.As per Ds. 870063-B-02-SWX-00-105-EL-0224.As per Spec. 870063-B-00-SWX-00-101-EL-0044. and Attachment 10 of Contract
A41: تجهیزات برقی تلمبه‌خانه یزد | B41: 12 | C41: Transformer | D41: Power transformer, 6 / 0.42 kV, 300 kVA | E41: 6 / 0.42 kV | F41: set | G41: 2 | H41: 0 | I41: 14000 | J41: =G41*H41 -> 0 | K41: =G41*I41 -> 28000 | L41: Power transformer , 6 / 0.42 kV , 300 kVA . As per Dwg. 870063-B-02-XXX-00-168-EL-0243.As per Spec. 870063-B-00-XXX-00-101-EL-0047,,As per Ds. 870063-B-00-TFX-00-105-EL-0225. and Attachment 10 of Contract
... A45: تجهیزات برقی تلمبه‌خانه یزد | B45: 15 | C45: BULK | D45: Bulk Electrical Equipment / بالك تجهيزات برقي یزد (مطابق شرح خدمات پیوست ۱۰) | E45: Bulk | F45: یکقلم | G45: 1 | H45: 0 | I45: 10000 | J45: =G45*H45 -> 0 | K45: =G45*I45 -> 10000 | L45: بالك تجهيزات برقي (مطابق شرح خدمات پيوست 10)
B46: جمع کل بخش (Subtotal) | G46: =SUM(G30:G45) -> 9170 | J46: =SUM(J30:J45) -> 153553000000 | K46: =SUM(K30:K45) -> 730000
B50: جدول شماره ۴-۳-۲: قیمت پیشنهادی برای برق‌رسانی و روشنایی ایستگاه‌های حفاظت کاتدیک خط لوله ۱۶ اینچ رفسنجان-یزد
A52: unit | B52: ردیف (Item) | C52: عنوان | D52: شرح تجهیزات (Description) خلاصه | E52: سایز (Size) | F52: واحد (Unit) | G52: مقدار (Qty) | H52: بهای واحد ریالی (Unit Rial) | I52: بهای واحد ارزی (Unit Euro) | J52: بهای کل ریالی (Total Rial) | K52: بهای کل ارزی (Total Euro) | L52: توضیحات پیمان
A53: برق‌رسانی و روشنایی ایستگاه‌های حفاظت کاتدیک خط لوله ۱۶ اینچ رفسنجان-یزد | B53: 1 | C53: سيم هادي آلومنيوم روكش دار AAAC براي احداث 20 كيلومتر خط توزيع 20 كيلوولت | D53: AAAC Aluminum Conductor Wire 20kV, for 20 km distribution line / سیم هادی آلومینیوم روکش‌دار جهت احداث خط بیست کیلوولت | E53: 20kV | F53: كيلومتر | G53: 20 | H53: 7000000000 | I53: 0 | J53: =G53*H53 -> 140000000000 | K53: =G53*I53 -> 0 | L53: سيم هادي آلومنيوم روكش دار AAAC براي احداث 20 كيلومتر خط توزيع 20 كيلوولت
A54: برق‌رسانی و روشنایی ایستگاه‌های حفاظت کاتدیک خط لوله ۱۶ اینچ رفسنجان-یزد | B54: 2 | C54: ترانس 20/0.4 كيلو ولت، با ظرفيت 50 كيلوولت آمپر | D54: Transformer 20/0.4kV, with 50 kVA capacity / ترانس کاهنده ۲۰ به ۰.۴ کیلوولت ایستگاه‌های حفاظت کاتدیک خط لوله | E54: 50 kVA | F54: دستگاه | G54: 3 | H54: 1750000000 | I54: 0 | J54: =G54*H54 -> 5250000000 | K54: =G54*I54 -> 0 | L54: ترانس 20/0.4 كيلو ولت، با ظرفيت 50 كيلوولت آمپر
A55: برق‌رسانی و روشنایی ایستگاه‌های حفاظت کاتدیک خط لوله ۱۶ اینچ رفسنجان-یزد | B55: 3 | C55: بالك برق رساني و روشنايي ايستگاه هاي حفاظت كاتديك خط لوله | D55: Bulk Power Supply and Lighting for Pipeline Cathodic Protection Stations / مابقی ملزومات برق‌رسانی و روشنایی ایستگاه‌ها | E55: Bulk | F55: یک قلم | G55: 1 | H55: 30000000000 | I55: 0 | J55: =G55*H55 -> 30000000000 | K55: =G55*I55 -> 0 | L55: بالك برق رساني و روشنايي ايستگاه هاي حفاظت كاتديك خط لوله
B56: جمع کل بخش (Subtotal) | G56: =SUM(G53:G55) -> 24 | J56: =SUM(J53:J55) -> 175250000000 | K56: =SUM(K53:K55) -> 0

Sheet توضیحات3  (4)
B4: متریال (Instrumentation)

Sheet Instrumentation
E1: پروژه احداث خط لوله ۱۶ اینچ انتقال فرآورده رفسنجان-یزد و توسعه مراکز انتقال نفت رفسنجان و یزد به روش EPC
E2: بخش ابزار دقیق، مخابرات و تله‌کام (Instrumentation & Telecom)
B3: ◀ بازگشت به داشبورد
B5: جدول شماره ۴-۱-۲: قیمت پیشنهادی برای خرید تجهیزات ابزار دقیق و مخابرات تلمبه‌خانه رفسنجان
A7: unit | B7: ردیف (Item) | C7: عنوان | D7: شرح تجهیزات (Description) | E7: سایز (Size) | F7: واحد (Unit) | G7: مقدار (Qty) | H7: بهای واحد ریالی (Unit Rial) | I7: بهای واحد ارزی (Unit Euro) | J7: بهای کل ریالی (Total Rial) | K7: بهای کل ارزی (Total Euro) | L7: توضیحات پیمان
A8: تجهیزات ابزار دقیق و مخابرات تلمبه‌خانه رفسنجان | B8: 1 | C8: F&G SYSTEM | D8: F&G SYSTEM F&G CONTROL PANEL SHALL BE MICROPROCESSOR BASE, CONNECTED TO ESD Via HARDWIRE & TO PCS Via SERIAL LINK CONTROL PANEL SHALL HAVE MONITOR & KEYBOARD AND BUZZER DESIGN AND SUPPLY OF F&G SYSTEM SHALL BE IN ACCORDANCE WITH THE REQUIREMENTS OF PROJECT DOCUMENTS AND ATTACHMENT 10 OF CONTRACT . * All Flame Detectors, Flammable Gas Detectors, Combined Some/Heat Detectors, Smoke Detectors, Heat Detectors (Linear and Rate of Rise), Alarm Horns, Bell Alarms, Manual Call Points, Flasher Beacons and etc for industrial area and buildings shall be included. communication module with DCS & existing F&G shall be considered. power distribution shall be installed in the back plate of one cell Fire alarm panel HMI , F&G/ESD consol required accessories for data monitoring, data aquisition, data communication with other systems shall be considered. * 1 laptop computer as Engineering Work Station at least equipped with the following specification: 1) 2 set Operator Station 2) 1 Engineering Control Workstations - CPU equipped with latest technology and memory unit dependent on cpu unit CD/DVD rom drive, mouse w/ pad - communication Ports - Required applications and standard software w/ accepted license | E8: Project Specification , Attachment 10 ,18 and related standards. | F8: SET | G8: 1 | H8: 0 | I8: 260000 | J8: =G8*H8 -> 0 | K8: =G8*I8 -> 260000 | L8: F&G SYSTEM F&G CONTROL PANEL SHALL BE MICROPROCESSOR BASE, CONNECTED TO ESD Via HARDWIRE & TO PCS Via SERIAL LINK CONTROL PANEL SHALL HAVE MONITOR & KEYBOARD AND BUZZER DESIGN AND SUPPLY OF F&G SYSTEM SHALL BE IN ACCORDANCE WITH THE REQUIREMENTS OF PROJECT DOCUMENTS AND ATTACHMENT 10 OF CONTRACT . * All Flame Detectors, Flammable Gas Detectors, Combined Some/Heat Detectors, Smoke Detectors, Heat Detectors (Linear and Rate of Rise), Alarm Horns, Bell Alarms, Manual Call Points, Flasher Beacons and etc for industrial area and buildings shall be included. communication module with DCS & existing F&G shall be considered. power distribution shall be installed in the back plate of one cell Fire alarm panel HMI , F&G/ESD consol required accessories for data monitoring, data aquisition, data communication with other systems shall be considered. * 1 laptop computer as Engineering Work Station at least equipped with the following specification: 1) 2 set Operator Station 2) 1 Engineering Control Workstations - CPU equipped with latest technology and memory unit dependent on cpu unit CD/DVD rom drive, mouse w/ pad - communication Ports - Required applications and standard software w/ accepted license
A9: تجهیزات ابزار دقیق و مخابرات تلمبه‌خانه رفسنجان | B9: 2 | C9: PCS, ESD | D9: PLC based control system dual redundant CPUs, communication module : a. serial link with MOV panel b. serial link with F&G system c. FIBER OPTIC with LDS system d. serial link with SCADA e. serial link with MCC f. serial link with main DCS contains: racks, I/O modules, Isolator/relay & interconnection wiring prepared by vendor in panels. SHALL BE IN ACCORDANCE WITH THE REQUIREMENTS OF PROJECT DOCUMENTS AND ATTACHMENT 10 OF CONTRACT . 1 engineering system containing for each 2 x 21" monitors, case, suitable mouse & keyboard with required operating system and softwares with special access for engineering master. 2 operating system containing for each 2 x 21" monitors, case, suitable mouse & keyboard with required operating system and softwares with special access for engineering master. 2 printer(Alarm/Event Printers, color printer) and other requirement according to attahment 10 of contract. The ESD systems shall be hardwired type and shall be implemented using safety relays. Based on the plants ESD I/O count and simple functions for ESD system is required, No PLC type electronics will be used as ESD system. RELAYS BASED ESD SYSTEM, CAPABLE TO HANDLE ESD I/O LIST DOCUMENT. required accessories for data monitoring, data aquisition, data communication with other systems shall be considered by vendor | E9: Project Specification , Attachment 10 ,18 and related standards. | F9: Set | G9: 1 | I9: 200000 | J9: =G9*H9 -> 0 | K9: =G9*I9 -> 200000 | L9: PLC based control system dual redundant CPUs, communication module : a. serial link with MOV panel b. serial link with F&G system c. FIBER OPTIC with LDS system d. serial link with SCADA e. serial link with MCC f. serial link with main DCS contains: racks, I/O modules, Isolator/relay & interconnection wiring prepared by vendor in panels. SHALL BE IN ACCORDANCE WITH THE REQUIREMENTS OF PROJECT DOCUMENTS AND ATTACHMENT 10 OF CONTRACT . 1 engineering system containing for each 2 x 21" monitors, case, suitable mouse & keyboard with required operating system and softwares with special access for engineering master. 2 operating system containing for each 2 x 21" monitors, case, suitable mouse & keyboard with required operating system and softwares with special access for engineering master. 2 printer(Alarm/Event Printers, color printer) and other requirement according to attahment 10 of contract. The ESD systems shall be hardwired type and shall be implemented using safety relays. Based on the plants ESD I/O count and simple functions for ESD system is required, No PLC type electronics will be used as ESD system. RELAYS BASED ESD SYSTEM, CAPABLE TO HANDLE ESD I/O LIST DOCUMENT. required accessories for data monitoring, data aquisition, data communication with other systems shall be considered by vendor
A10: تجهیزات ابزار دقیق و مخابرات تلمبه‌خانه رفسنجان | B10: 3 | C10: Flow Switches | D10: material, range, power supply, size, out/input signal, process connection, electrical connection, EEX, accuracy and other related data, shall be according to data sheet & specification and Attachment 10 of Contract | E10: flange , 150# , RF 316S.S wetted parts EEXd IP65 | F10: No | G10: 2 | I10: 1310 | J10: =G10*H10 -> 0 | K10: =G10*I10 -> 2620 | L10: material, range, power supply, size, out/input signal, process connection, electrical connection, EEX, accuracy and other related data, shall be according to data sheet & specification and Attachment 10 of Contract | N10: =1310*2 -> 2620
A11: تجهیزات ابزار دقیق و مخابرات تلمبه‌خانه رفسنجان | B11: 4 | D11: material, range, power supply, size, out/input signal, process connection, electrical connection, EEX, accuracy and other related data, shall be according to data sheet & specification and Attachment 10 of Contract | E11: flange ,1500#, RTJ 316S.S wetted parts EEXd IP65 | F11: No | G11: 1 | I11: 1900 | J11: =G11*H11 -> 0 | K11: =G11*I11 -> 1900 | L11: material, range, power supply, size, out/input signal, process connection, electrical connection, EEX, accuracy and other related data, shall be according to data sheet & specification and Attachment 10 of Contract
A12: تجهیزات ابزار دقیق و مخابرات تلمبه‌خانه رفسنجان | B12: 5 | C12: Flow Indicator | D12: material, range, power supply, size, out/input signal, process connection, electrical connection, EEX, accuracy and other related data, shall be according to data sheet & specification and Attachment 10 of Contract | E12: flange , 900# , RF 316S.S wetted parts IP65 | F12: No | G12: 1 | I12: 6500 | J12: =G12*H12 -> 0 | K12: =G12*I12 -> 6500 | L12: material, range, power supply, size, out/input signal, process connection, electrical connection, EEX, accuracy and other related data, shall be according to data sheet & specification and Attachment 10 of Contract
A13: تجهیزات ابزار دقیق و مخابرات تلمبه‌خانه رفسنجان | B13: 6 | C13: Flow Transmitter | D13: material, range, power supply, size, out/input signal, process connection, electrical connection, EEX, accuracy and other related data, shall be according to data sheet & specification and Attachment 10 of Contract | E13: flange RTJ , 1500# 316S.S wetted parts EEXd IP65 316S.S 6000# manifold | F13: No | G13: 1 | I13: 83000 | J13: =G13*H13 -> 0 | K13: =G13*I13 -> 83000 | L13: material, range, power supply, size, out/input signal, process connection, electrical connection, EEX, accuracy and other related data, shall be according to data sheet & specification and Attachment 10 of Contract
A14: تجهیزات ابزار دقیق و مخابرات تلمبه‌خانه رفسنجان | B14: 7 | C14: Flow Meter Ultrasonic | D14: material, range, power supply, size, out/input signal, process connection, electrical connection, EEX, accuracy and other related data, shall be according to data sheet & specification and Attachment 10 of Contract | E14: inline , 16" ,600# , RF 316S.S wetted parts EEXd ,IP65 | F14: No | G14: 1 | I14: 73000 | J14: =G14*H14 -> 0 | K14: =G14*I14 -> 73000 | L14: material, range, power supply, size, out/input signal, process connection, electrical connection, EEX, accuracy and other related data, shall be according to data sheet & specification and Attachment 10 of Contract
A15: تجهیزات ابزار دقیق و مخابرات تلمبه‌خانه رفسنجان | B15: 8 | D15: material, range, power supply, size, out/input signal, process connection, electrical connection, EEX, accuracy and other related data, shall be according to data sheet & specification and Attachment 10 of Contract | E15: inline , 16" ,900# , RF/RTJ 316S.S wetted parts EEXd ,IP65 | F15: No | G15: 1 | I15: 75000 | J15: =G15*H15 -> 0 | K15: =G15*I15 -> 75000 | L15: material, range, power supply, size, out/input signal, process connection, electrical connection, EEX, accuracy and other related data, shall be according to data sheet & specification and Attachment 10 of Contract
A16: تجهیزات ابزار دقیق و مخابرات تلمبه‌خانه رفسنجان | B16: 9 | C16: Pressure Indicator | D16: material, range, power supply, size, out/input signal, process connection, electrical connection, EEX, accuracy and other related data, shall be according to data sheet & specification and Attachment 10 of Contract | E16: 316S.S wetted parts IP65 316S.S 6000# manifold | F16: No | G16: 15 | I16: 230 | J16: =G16*H16 -> 0 | K16: =G16*I16 -> 3450 | L16: material, range, power supply, size, out/input signal, process connection, electrical connection, EEX, accuracy and other related data, shall be according to data sheet & specification and Attachment 10 of Contract
A17: تجهیزات ابزار دقیق و مخابرات تلمبه‌خانه رفسنجان | B17: 10 | C17: Pressure Switch | D17: material, range, power supply, size, out/input signal, process connection, electrical connection, EEX, accuracy and other related data, shall be according to data sheet & specification and Attachment 10 of Contract | E17: 316S.S wetted parts EEXd ,IP65 316S.S 6000# manifold | F17: No | G17: 14 | I17: 980 | J17: =G17*H17 -> 0 | K17: =G17*I17 -> 13720 | L17: material, range, power supply, size, out/input signal, process connection, electrical connection, EEX, accuracy and other related data, shall be according to data sheet & specification and Attachment 10 of Contract
A18: تجهیزات ابزار دقیق و مخابرات تلمبه‌خانه رفسنجان | B18: 11 | C18: Pressure Transmitter | D18: material, range, power supply, size, out/input signal, process connection, electrical connection, EEX, accuracy and other related data, shall be according to data sheet & specification and Attachment 10 of Contract | E18: 316S.S wetted parts EEXd ,IP65 316S.S 6000# manifold | F18: No | G18: 13 | I18: 1230 | J18: =G18*H18 -> 0 | K18: =G18*I18 -> 15990 | L18: material, range, power supply, size, out/input signal, process connection, electrical connection, EEX, accuracy and other related data, shall be according to data sheet & specification and Attachment 10 of Contract
A19: تجهیزات ابزار دقیق و مخابرات تلمبه‌خانه رفسنجان | B19: 12 | C19: Temperature Transmitter | D19: material, range, power supply, size, out/input signal, process connection, electrical connection, EEX, accuracy and other related data, shall be according to data sheet & specification and Attachment 10 of Contract | E19: 316S.S Matrial EEXd ,IP65 1,1/2" , 316S.S 900# TW | F19: No | G19: 2 | I19: 2700 | J19: =G19*H19 -> 0 | K19: =G19*I19 -> 5400 | L19: material, range, power supply, size, out/input signal, process connection, electrical connection, EEX, accuracy and other related data, shall be according to data sheet & specification and Attachment 10 of Contract
A20: تجهیزات ابزار دقیق و مخابرات تلمبه‌خانه رفسنجان | B20: 13 | C20: Differential Pressure Switch | D20: material, range, power supply, size, out/input signal, process connection, electrical connection, EEX, accuracy and other related data, shall be according to data sheet & specification and Attachment 10 of Contract | E20: 316S.S wetted parts EEXd ,IP65 316S.S 6000# manifold | F20: No | G20: 1 | I20: 2100 | J20: =G20*H20 -> 0 | K20: =G20*I20 -> 2100 | L20: material, range, power supply, size, out/input signal, process connection, electrical connection, EEX, accuracy and other related data, shall be according to data sheet & specification and Attachment 10 of Contract
A21: تجهیزات ابزار دقیق و مخابرات تلمبه‌خانه رفسنجان | B21: 14 | C21: Motor Actuated Aalves | D21: material, range, power supply, size, out/input signal, process connection, electrical connection, EEX, accuracy and other related data, shall be according to data sheet & specification and Attachment 10 of Contract | E21: BALL Full Bore,16",150#,RF 316trim Eexd IP65 400VAC power | F21: No | G21: 5 | I21: 15700 | J21: =G21*H21 -> 0 | K21: =G21*I21 -> 78500 | L21: material, range, power supply, size, out/input signal, process connection, electrical connection, EEX, accuracy and other related data, shall be according to data sheet & specification and Attachment 10 of Contract
A22: تجهیزات ابزار دقیق و مخابرات تلمبه‌خانه رفسنجان | B22: 15 | D22: material, range, power supply, size, out/input signal, process connection, electrical connection, EEX, accuracy and other related data, shall be according to data sheet & specification and Attachment 10 of Contract | E22: BALL Full Bore ,12",150#,RF 316trim Eexd IP65 400VAC power | F22: No | G22: 3 | I22: 11700 | J22: =G22*H22 -> 0 | K22: =G22*I22 -> 35100 | L22: material, range, power supply, size, out/input signal, process connection, electrical connection, EEX, accuracy and other related data, shall be according to data sheet & specification and Attachment 10 of Contract
A23: تجهیزات ابزار دقیق و مخابرات تلمبه‌خانه رفسنجان | B23: 16 | D23: material, range, power supply, size, out/input signal, process connection, electrical connection, EEX, accuracy and other related data, shall be according to data sheet & specification and Attachment 10 of Contract | E23: BALL Full Bore ,8",150#,RF 316trim Eexd IP65 400VAC power | F23: No | G23: 1 | I23: 9750 | J23: =G23*H23 -> 0 | K23: =G23*I23 -> 9750 | L23: material, range, power supply, size, out/input signal, process connection, electrical connection, EEX, accuracy and other related data, shall be according to data sheet & specification and Attachment 10 of Contract
A24: تجهیزات ابزار دقیق و مخابرات تلمبه‌خانه رفسنجان | B24: 17 | D24: material, range, power supply, size, out/input signal, process connection, electrical connection, EEX, accuracy and other related data, shall be according to data sheet & specification and Attachment 10 of Contract | E24: BALL Full Bore ,14",600#,RF 316trim Eexd IP65 400VAC power | F24: No | G24: 4 | I24: 17900 | J24: =G24*H24 -> 0 | K24: =G24*I24 -> 71600 | L24: material, range, power supply, size, out/input signal, process connection, electrical connection, EEX, accuracy and other related data, shall be according to data sheet & specification and Attachment 10 of Contract
A25: تجهیزات ابزار دقیق و مخابرات تلمبه‌خانه رفسنجان | B25: 18 | D25: material, range, power supply, size, out/input signal, process connection, electrical connection, EEX, accuracy and other related data, shall be according to data sheet & specification and Attachment 10 of Contract | E25: BALL Full Bore ,14",900#,RF/RTJ 316trim Eexd IP65 400VAC power | F25: No | G25: 3 | I25: 19700 | J25: =G25*H25 -> 0 | K25: =G25*I25 -> 59100 | L25: material, range, power supply, size, out/input signal, process connection, electrical connection, EEX, accuracy and other related data, shall be according to data sheet & specification and Attachment 10 of Contract
A26: تجهیزات ابزار دقیق و مخابرات تلمبه‌خانه رفسنجان | B26: 19 | D26: material, range, power supply, size, out/input signal, process connection, electrical connection, EEX, accuracy and other related data, shall be according to data sheet & specification and Attachment 10 of Contract | E26: BALL Full Bore ,14",1500#,RTJ 316trim Eexd IP65 400VAC power | F26: No | G26: 4 | I26: 33400 | J26: =G26*H26 -> 0 | K26: =G26*I26 -> 133600 | L26: material, range, power supply, size, out/input signal, process connection, electrical connection, EEX, accuracy and other related data, shall be according to data sheet & specification and Attachment 10 of Contract
A27: تجهیزات ابزار دقیق و مخابرات تلمبه‌خانه رفسنجان | B27: 20 | D27: material, range, power supply, size, out/input signal, process connection, electrical connection, EEX, accuracy and other related data, shall be according to data sheet & specification and Attachment 10 of Contract | E27: BALL Full Bore ,8",900#,RF/RTJ 316trim Eexd IP65 400VAC power | F27: No | G27: 1 | I27: 14950 | J27: =G27*H27 -> 0 | K27: =G27*I27 -> 14950 | L27: material, range, power supply, size, out/input signal, process connection, electrical connection, EEX, accuracy and other related data, shall be according to data sheet & specification and Attachment 10 of Contract
A28: تجهیزات ابزار دقیق و مخابرات تلمبه‌خانه رفسنجان | B28: 21 | D28: material, range, power supply, size, out/input signal, process connection, electrical connection, EEX, accuracy and other related data, shall be according to data sheet & specification and Attachment 10 of Contract | E28: BALL Full Bore ,8",1500#,RTJ 316trim Eexd IP65 400VAC power | F28: No | G28: 1 | I28: 17400 | J28: =G28*H28 -> 0 | K28: =G28*I28 -> 17400 | L28: material, range, power supply, size, out/input signal, process connection, electrical connection, EEX, accuracy and other related data, shall be according to data sheet & specification and Attachment 10 of Contract
A29: تجهیزات ابزار دقیق و مخابرات تلمبه‌خانه رفسنجان | B29: 22 | D29: material, range, power supply, size, out/input signal, process connection, electrical connection, EEX, accuracy and other related data, shall be according to data sheet & specification and Attachment 10 of Contract | E29: BALL Full Bore ,4",900#,RF/RTJ 316trim Eexd IP65 400VAC power | F29: No | G29: 1 | I29: 11400 | J29: =G29*H29 -> 0 | K29: =G29*I29 -> 11400 | L29: material, range, power supply, size, out/input signal, process connection, electrical connection, EEX, accuracy and other related data, shall be according to data sheet & specification and Attachment 10 of Contract
A30: تجهیزات ابزار دقیق و مخابرات تلمبه‌خانه رفسنجان | B30: 23 | D30: material, range, power supply, size, out/input signal, process connection, electrical connection, EEX, accuracy and other related data, shall be according to data sheet & specification and Attachment 10 of Contract | E30: BALL Full Bore full bore ,16",900#,RF/RTJ 316trim Eexd IP65 400VAC power | F30: No | G30: 1 | I30: 21900 | J30: =G30*H30 -> 0 | K30: =G30*I30 -> 21900 | L30: material, range, power supply, size, out/input signal, process connection, electrical connection, EEX, accuracy and other related data, shall be according to data sheet & specification and Attachment 10 of Contract
A31: تجهیزات ابزار دقیق و مخابرات تلمبه‌خانه رفسنجان | B31: 24 | C31: Density Transmitter | D31: material, range, power supply, size, out/input signal, process connection, electrical connection, EEX, accuracy and other related data, shall be according to data sheet & specification and Attachment 10 of Contract | E31: inline , 16" ,600# , RF MONEL wetted parts EEXd ,IP65 | F31: No | G31: 1 | I31: 6100 | J31: =G31*H31 -> 0 | K31: =G31*I31 -> 6100 | L31: material, range, power supply, size, out/input signal, process connection, electrical connection, EEX, accuracy and other related data, shall be according to data sheet & specification and Attachment 10 of Contract
A32: تجهیزات ابزار دقیق و مخابرات تلمبه‌خانه رفسنجان | B32: 25 | D32: material, range, power supply, size, out/input signal, process connection, electrical connection, EEX, accuracy and other related data, shall be according to data sheet & specification and Attachment 10 of Contract | E32: inline , 16" ,900# , RF/RTJ MONEL wetted parts EEXd ,IP65 | F32: No | G32: 1 | I32: 100 | J32: =G32*H32 -> 0 | K32: =G32*I32 -> 100 | L32: material, range, power supply, size, out/input signal, process connection, electrical connection, EEX, accuracy and other related data, shall be according to data sheet & specification and Attachment 10 of Contract
A33: تجهیزات ابزار دقیق و مخابرات تلمبه‌خانه رفسنجان | B33: 26 | C33: Control Valve | D33: material, range, power supply, size, out/input signal, process connection, electrical connection, EEX, accuracy and other related data, shall be according to data sheet & specification and Attachment 10 of Contract | E33: Globe ,12" , 1500# RTJ 316S.S Mtr for trim EEXd IP65 | F33: No | G33: 1 | I33: 47000 | J33: =G33*H33 -> 0 | K33: =G33*I33 -> 47000 | L33: material, range, power supply, size, out/input signal, process connection, electrical connection, EEX, accuracy and other related data, shall be according to data sheet & specification and Attachment 10 of Contract
A34: تجهیزات ابزار دقیق و مخابرات تلمبه‌خانه رفسنجان | B34: 27 | C34: DP Indicator | D34: material, range, power supply, size, out/input signal, process connection, electrical connection, EEX, accuracy and other related data, shall be according to data sheet & specification and Attachment 10 of Contract | E34: 316S.S wetted parts IP65 316S.S 6000# manifold | F34: No | G34: 1 | I34: 1680 | J34: =G34*H34 -> 0 | K34: =G34*I34 -> 1680 | L34: material, range, power supply, size, out/input signal, process connection, electrical connection, EEX, accuracy and other related data, shall be according to data sheet & specification and Attachment 10 of Contract
A35: تجهیزات ابزار دقیق و مخابرات تلمبه‌خانه رفسنجان | B35: 28 | C35: Fence Valve | D35: material, range, power supply, size, out/input signal, process connection, electrical connection, EEX, accuracy and other related data, shall be according to data sheet & specification and Attachment 10 of Contract | E35: GATE ,16" ,Full Bore , 900# 316S.S Mt for trim EEXd, , On/Off , IP65 | F35: No | G35: 1 | I35: 29700 | J35: =G35*H35 -> 0 | K35: =G35*I35 -> 29700 | L35: material, range, power supply, size, out/input signal, process connection, electrical connection, EEX, accuracy and other related data, shall be according to data sheet & specification and Attachment 10 of Contract
A36: تجهیزات ابزار دقیق و مخابرات تلمبه‌خانه رفسنجان | B36: 29 | C36: Restriction Orifice | D36: material, range, power supply, size, out/input signal, process connection, electrical connection, EEX, accuracy and other related data, shall be according to data sheet & specification and Attachment 10 of Contract | E36: 316 S.S . | F36: No | G36: 2 | I36: 83000 | J36: =G36*H36 -> 0 | K36: =G36*I36 -> 166000 | L36: material, range, power supply, size, out/input signal, process connection, electrical connection, EEX, accuracy and other related data, shall be according to data sheet & specification and Attachment 10 of Contract
A37: تجهیزات ابزار دقیق و مخابرات تلمبه‌خانه رفسنجان | B37: 30 | C37: Pressure Relief Valve | D37: material, range, power supply, size, out/input signal, process connection, electrical connection, EEX, accuracy and other related data, shall be according to data sheet & specification and Attachment 10 of Contract | E37: 900 x 150 # as minimum 316.S.S trim | F37: No | G37: 2 | H37: 185000000 | J37: =G37*H37 -> 370000000 | K37: =G37*I37 -> 0 | L37: material, range, power supply, size, out/input signal, process connection, electrical connection, EEX, accuracy and other related data, shall be according to data sheet & specification and Attachment 10 of Contract
A38: تجهیزات ابزار دقیق و مخابرات تلمبه‌خانه رفسنجان | B38: 31 | C38: Temperature Relief Valve | D38: material, range, power supply, size, out/input signal, process connection, electrical connection, EEX, accuracy and other related data, shall be according to data sheet & specification and Attachment 10 of Contract | E38: 3/4" x 1 900 x 150 # as minimum 316.S.S Mtr | F38: No | G38: 9 | H38: 350000000 | J38: =G38*H38 -> 3150000000 | K38: =G38*I38 -> 0 | L38: material, range, power supply, size, out/input signal, process connection, electrical connection, EEX, accuracy and other related data, shall be according to data sheet & specification and Attachment 10 of Contract
A39: تجهیزات ابزار دقیق و مخابرات تلمبه‌خانه رفسنجان | B39: 32 | C39: Temperature Relief Valve | D39: material, range, power supply, size, out/input signal, process connection, electrical connection, EEX, accuracy and other related data, shall be according to data sheet & specification and Attachment 10 of Contract | E39: 3/4" x 1 1500 x 150 # as minimum 316.S.S Mtr | F39: No | G39: 2 | H39: 400000000 | J39: =G39*H39 -> 800000000 | K39: =G39*I39 -> 0 | L39: material, range, power supply, size, out/input signal, process connection, electrical connection, EEX, accuracy and other related data, shall be according to data sheet & specification and Attachment 10 of Contract
A40: تجهیزات ابزار دقیق و مخابرات تلمبه‌خانه رفسنجان | B40: 33 | C40: Limit Switch For Position Indicator | D40: material, range, power supply, size, out/input signal, process connection, electrical connection, EEX, accuracy and other related data, shall be according to data sheet & specification and Attachment 10 of Contract | E40: 24 VDC , Eexd , IP65 | F40: No | G40: 2 | I40: 1700 | J40: =G40*H40 -> 0 | K40: =G40*I40 -> 3400 | L40: material, range, power supply, size, out/input signal, process connection, electrical connection, EEX, accuracy and other related data, shall be according to data sheet & specification and Attachment 10 of Contract
A41: تجهیزات ابزار دقیق و مخابرات تلمبه‌خانه رفسنجان | B41: 34 | C41: Interface & Pig Detector | D41: material, range, power supply, size, out/input signal, process connection, electrical connection, EEX, accuracy and other related data, shall be according to data sheet & specification and Attachment 10 of Contract | E41: 2" , 900# RF/RTJ 316S.S Mtr for trim EEXd, , IP65 | F41: No | G41: 1 | I41: 4000 | J41: =G41*H41 -> 0 | K41: =G41*I41 -> 4000 | L41: material, range, power supply, size, out/input signal, process connection, electrical connection, EEX, accuracy and other related data, shall be according to data sheet & specification and Attachment 10 of Contract
A42: تجهیزات ابزار دقیق و مخابرات تلمبه‌خانه رفسنجان | B42: 35 | C42: TELEPHONE SYSTEM | D42: Telephone System With All Accessories Such As: Telephone Terminal Box, Telephone Cable, Telephone Socket Outlet, Telephone Set With Dial, Steel Conduit and etc.(Telephone sysytem shall be IP base type) shall be according to data sheet & specification. and Attachment 10 of Contract | F42: Set | G42: 1 | I42: 74250 | J42: =G42*H42 -> 0 | K42: =G42*I42 -> 74250 | L42: Telephone System With All Accessories Such As: Telephone Terminal Box, Telephone Cable, Telephone Socket Outlet, Telephone Set With Dial, Steel Conduit and etc.(Telephone sysytem shall be IP base type) shall be according to data sheet & specification. and Attachment 10 of Contract
A43: تجهیزات ابزار دقیق و مخابرات تلمبه‌خانه رفسنجان | B43: 36 | C43: PAGING SYSTEM | D43: Paging System with all accessories such as: Paging Central Cabinet, Loudspeaker (Ex. and Non Ex. type), Ceiling Loudspeaker, Volume Control, Paging Junction Box, Paging Cable, Steel Conduit and etc. shall be according to data sheet & specification. and Attachment 10 of Contract | F43: Set | G43: 1 | I43: 120250 | J43: =G43*H43 -> 0 | K43: =G43*I43 -> 120250 | L43: Paging System with all accessories such as: Paging Central Cabinet, Loudspeaker (Ex. and Non Ex. type), Ceiling Loudspeaker, Volume Control, Paging Junction Box, Paging Cable, Steel Conduit and etc. shall be according to data sheet & specification. and Attachment 10 of Contract
A44: تجهیزات ابزار دقیق و مخابرات تلمبه‌خانه رفسنجان | B44: 37 | C44: CCTV SYSTEM | D44: CCTV System With All Accessories Such As: cameras (Ex. And Non Ex.), Tower Of Cameras ,Network Video Recorder, Matrix Switcher, Color Monitor, CCTV Junction Box, CCTV Cable, Steel Conduit and etc. shall be according to data sheet & specification. and Attachment 10 of Contract | F44: Set | G44: 1 | I44: 153550 | J44: =G44*H44 -> 0 | K44: =G44*I44 -> 153550 | L44: CCTV System With All Accessories Such As: cameras (Ex. And Non Ex.), Tower Of Cameras ,Network Video Recorder, Matrix Switcher, Color Monitor, CCTV Junction Box, CCTV Cable, Steel Conduit and etc. shall be according to data sheet & specification. and Attachment 10 of Contract
A45: تجهیزات ابزار دقیق و مخابرات تلمبه‌خانه رفسنجان | B45: 38 | C45: LAN SYSTEM | D45: LAN System With All Accessories Such As: Server, LAN Cabinet, Core Switch, Ethernet Access Switch electrical and Optical Patch Panel, Socket, LAN cable and etc. shall be according to data sheet & specification. and Attachment 10 of Contract | F45: Set | G45: 1 | I45: 170000 | J45: =G45*H45 -> 0 | K45: =G45*I45 -> 170000 | L45: LAN System With All Accessories Such As: Server, LAN Cabinet, Core Switch, Ethernet Access Switch electrical and Optical Patch Panel, Socket, LAN cable and etc. shall be according to data sheet & specification. and Attachment 10 of Contract
A46: تجهیزات ابزار دقیق و مخابرات تلمبه‌خانه رفسنجان | B46: 39 | C46: BULK | D46: بالك تجهيزات ابزاردقیق ، مخابرات ، دوربین مدار بسته و سیستم اعلان خطر(مطابق شرح خدمات پیوست ۱۰) | E46: Bulk | F46: یک قلم | G46: 1 | I46: 60000 | J46: =G46*H46 -> 0 | K46: =G46*I46 -> 60000 | L46: (مطابق شرح خدمات پیوست ۱۰)
B47: جمع کل بخش (Subtotal) | G47: =SUM(G8:G46) -> 106 | J47: =SUM(J8:J46) -> 4320000000 | K47: =SUM(K8:K46) -> 2032010
B51: جدول شماره ۴-۲-۲: قیمت پیشنهادی برای خرید تجهیزات ابزار دقیق و مخابرات تلمبه‌خانه یزد
A53: unit | B53: ردیف (Item) | D53: شرح تجهیزات (Description) خلاصه | E53: سایز (Size) | F53: واحد (Unit) | G53: مقدار (Qty) | H53: بهای واحد ریالی (Unit Rial) | I53: بهای واحد ارزی (Unit Euro) | J53: بهای کل ریالی (Total Rial) | K53: بهای کل ارزی (Total Euro) | L53: توضیحات پیمان
A54: تجهیزات ابزار دقیق و مخابرات تلمبه‌خانه یزد | B54: 1 | C54: F&G SYSTEM | D54: F&G SYSTEM: Microprocessor based F&G Control Panel w/ monitors, engineering workstations, and F&G consol | E54: SET | F54: SET | G54: 1 | H54: 0 | I54: 270000 | J54: =G54*H54 -> 0 | K54: =G54*I54 -> 270000 | L54: F&G SYSTEM F&G CONTROL PANEL SHALL BE MICROPROCESSOR BASE, CONNECTED TO ESD Via HARDWIRE & TO PCS Via SERIAL LINK CONTROL PANEL SHALL HAVE MONITOR & KEYBOARD AND BUZZER DESIGN AND SUPPLY OF F&G SYSTEM SHALL BE IN ACCORDANCE WITH THE REQUIREMENTS OF PROJECT DOCUMENTS AND ATTACHMENT 10 OF CONTRACT . * All Flame Detectors, Flammable Gas Detectors, Combined Some/Heat Detectors, Smoke Detectors, Heat Detectors (Linear and Rate of Rise), Alarm Horns, Bell Alarms, Manual Call Points, Flasher Beacons and etc for industrial area and buildings shall be included. communication module with DCS & existing F&G shall be considered. power distribution shall be installed in the back plate of one cell Fire alarm panel HMI , F&G/ESD consol required accessories for data monitoring, data aquisition, data communication with other systems shall be considered. * 1 laptop computer as Engineering Work Station at least equipped with the following specification: 1) 2 set Operator Station 2) 1 Engineering Control Workstations - CPU equipped with latest technology and memory unit dependent on cpu unit CD/DVD rom drive, mouse w/ pad - communication Ports - Required applications and standard software w/ accepted license
A55: تجهیزات ابزار دقیق و مخابرات تلمبه‌خانه یزد | B55: 2 | C55: Interface & Pig Detector | D55: Clamp-On Ultrasonic Flow Meter / Interface & Pig Detector (For Pipeline Monitoring) | E55: N/A | F55: No. | G55: 1 | H55: 0 | I55: 7600 | J55: =G55*H55 -> 0 | K55: =G55*I55 -> 7600 | L55: material, range, power supply, size, out/input signal, process connection, electrical connection, EEX, accuracy and other related data, shall be according to data sheet & specification and Attachment 10 of Contract
A56: تجهیزات ابزار دقیق و مخابرات تلمبه‌خانه یزد | B56: 3 | C56: Flow Switches | D56: Pressure / Flow indicators (As per project data sheets) | E56: N/A | F56: No. | G56: 8 | H56: 0 | I56: 1310 | J56: =G56*H56 -> 0 | K56: =G56*I56 -> 10480 | L56: material, range, power supply, size, out/input signal, process connection, electrical connection, EEX, accuracy and other related data, shall be according to data sheet & specification and Attachment 10 of Contract
A57: تجهیزات ابزار دقیق و مخابرات تلمبه‌خانه یزد | B57: 4 | D57: Flow Switch flange, 90# RF, 316SS | E57: 90# | F57: No. | G57: 1 | H57: 0 | I57: 1900 | J57: =G57*H57 -> 0 | K57: =G57*I57 -> 1900 | L57: material, range, power supply, size, out/input signal, process connection, electrical connection, EEX, accuracy and other related data, shall be according to data sheet & specification and Attachment 10 of Contract
A58: تجهیزات ابزار دقیق و مخابرات تلمبه‌خانه یزد | B58: 5 | C58: Flow Transmitter | D58: Flow Switch flange, 900# RF, 316SS | E58: 900# | F58: No. | G58: 2 | H58: 0 | I58: 3400 | J58: =G58*H58 -> 0 | K58: =G58*I58 -> 6800 | L58: material, range, power supply, size, out/input signal, process connection, electrical connection, EEX, accuracy and other related data, shall be according to data sheet & specification and Attachment 10 of Contract
A59: تجهیزات ابزار دقیق و مخابرات تلمبه‌خانه یزد | B59: 6 | D59: Flow Switch flange, 600# RF, 316SS | E59: 600# | F59: No. | G59: 1 | H59: 0 | I59: 3100 | J59: =G59*H59 -> 0 | K59: =G59*I59 -> 3100 | L59: material, range, power supply, size, out/input signal, process connection, electrical connection, EEX, accuracy and other related data, shall be according to data sheet & specification and Attachment 10 of Contract
A60: تجهیزات ابزار دقیق و مخابرات تلمبه‌خانه یزد | B60: 7 | C60: Flow Meter Ultra Sonic | D60: Flow Meter Ultra Sonic inline, 16", 900# RF (For Yazd and Naeen stations) | E60: 16" | F60: No. | G60: 4 | H60: 0 | I60: 75000 | J60: =G60*H60 -> 0 | K60: =G60*I60 -> 300000 | L60: material, range, power supply, size, out/input signal, process connection, electrical connection, EEX, accuracy and other related data, shall be according to data sheet & specification and Attachment 10 of Contract(for YAZD and NAEEN pump station)
A61: تجهیزات ابزار دقیق و مخابرات تلمبه‌خانه یزد | B61: 8 | D61: Flow Transmitter inline, 16", 600# RF (For Yazd and Naeen stations) | E61: 16" | F61: No. | G61: 2 | H61: 0 | I61: 73000 | J61: =G61*H61 -> 0 | K61: =G61*I61 -> 146000 | L61: material, range, power supply, size, out/input signal, process connection, electrical connection, EEX, accuracy and other related data, shall be according to data sheet & specification and Attachment 10 of Contract(for YAZD and NAEEN pump station)
A62: تجهیزات ابزار دقیق و مخابرات تلمبه‌خانه یزد | B62: 9 | C62: Level Indicator | D62: Level Indicator with 316SS wetted parts | E62: N/A | F62: No. | G62: 4 | H62: 0 | I62: 1300 | J62: =G62*H62 -> 0 | K62: =G62*I62 -> 5200 | L62: material, range, power supply, size, out/input signal, process connection, electrical connection, EEX, accuracy and other related data, shall be according to data sheet & specification and Attachment 10 of Contract
